[2025-02-26 09:19:56.502] [3310] [HailoRT] [info] [device.cpp:49] [Device] OS Version: Linux 6.6.74+rpt-rpi-2712 #1 SMP PREEMPT Debian 1:6.6.74-1+rpt1 (2025-01-27) aarch64
[2025-02-26 09:19:56.503] [3310] [HailoRT] [info] [control.cpp:108] [control__parse_identify_results] firmware_version is: 4.20.0
[2025-02-26 09:19:56.504] [3310] [HailoRT] [info] [control.cpp:108] [control__parse_identify_results] firmware_version is: 4.20.0
[2025-02-26 09:19:56.583] [3303] [HailoRT] [info] [vdevice.cpp:523] [create] Creating vdevice with params: device_count: 1, scheduling_algorithm: ROUND_ROBIN, multi_process_service: false
[2025-02-26 09:19:56.595] [3303] [HailoRT] [info] [device.cpp:49] [Device] OS Version: Linux 6.6.74+rpt-rpi-2712 #1 SMP PREEMPT Debian 1:6.6.74-1+rpt1 (2025-01-27) aarch64
[2025-02-26 09:19:56.596] [3303] [HailoRT] [info] [control.cpp:108] [control__parse_identify_results] firmware_version is: 4.20.0
[2025-02-26 09:19:56.596] [3303] [HailoRT] [info] [vdevice.cpp:651] [create] VDevice Infos: 0000:01:00.0
[2025-02-26 09:19:56.779] [3303] [HailoRT] [info] [hef.cpp:1929] [get_network_group_and_network_name] No name was given. Addressing all networks of default network_group: yolov8s
[2025-02-26 09:19:56.779] [3303] [HailoRT] [info] [hef.cpp:1929] [get_network_group_and_network_name] No name was given. Addressing all networks of default network_group: yolov8s
[2025-02-26 09:19:56.797] [3303] [HailoRT] [info] [internal_buffer_manager.cpp:204] [print_execution_results] Planned internal buffer memory: CMA memory 0, user memory 4551168. memory to edge layer usage factor is 1
[2025-02-26 09:19:56.797] [3303] [HailoRT] [info] [internal_buffer_manager.cpp:212] [print_execution_results] Default Internal buffer planner executed successfully
[2025-02-26 09:19:56.812] [3303] [HailoRT] [info] [device_internal.cpp:57] [configure] Configuring HEF took 22.513259 milliseconds
[2025-02-26 09:19:56.812] [3303] [HailoRT] [info] [vdevice.cpp:749] [configure] Configuring HEF on VDevice took 22.819624 milliseconds
[2025-02-26 09:19:56.812] [3303] [HailoRT] [info] [infer_model.cpp:436] [configure] Configuring network group 'yolov8s' with params: batch size: 2, power mode: PERFORMANCE, latency: NONE
[2025-02-26 09:19:56.812] [3303] [HailoRT] [info] [multi_io_elements.cpp:756] [create] Created (AsyncHwEl)
[2025-02-26 09:19:56.812] [3303] [HailoRT] [info] [queue_elements.cpp:450] [create] Created (EntryPushQEl0yolov8s/input_layer1 | timeout: 10s)
[2025-02-26 09:19:56.812] [3303] [HailoRT] [info] [filter_elements.cpp:101] [create] Created (PreInferEl3yolov8s/input_layer1 | Reorder - src_order: RGB4, src_shape: (640, 640, 3), dst_order: NHCW, dst_shape: (640, 640, 3))
[2025-02-26 09:19:56.812] [3303] [HailoRT] [info] [queue_elements.cpp:450] [create] Created (PushQEl3yolov8s/input_layer1 | timeout: 10s)
[2025-02-26 09:19:56.812] [3303] [HailoRT] [info] [multi_io_elements.cpp:135] [create] Created (NmsPPMuxEl0YOLOV8-Post-Process | Op YOLOV8, Name: YOLOV8-Post-Process, Score threshold: 0.300, IoU threshold: 0.45, Classes: 80, Cross classes: false, NMS results order: BY_CLASS, Max bboxes per class: 100, Image height: 640, Image width: 640)
[2025-02-26 09:19:56.813] [3303] [HailoRT] [info] [queue_elements.cpp:942] [create] Created (MultiPushQEl0YOLOV8-Post-Process | timeout: 10s)
[2025-02-26 09:19:56.813] [3303] [HailoRT] [info] [edge_elements.cpp:187] [create] Created (LastAsyncEl0NmsPPMuxEl0YOLOV8-Post-Process)
[2025-02-26 09:19:56.813] [3303] [HailoRT] [info] [pipeline.cpp:891] [print_deep_description] EntryPushQEl0yolov8s/input_layer1 | inputs: user | outputs: PreInferEl3yolov8s/input_layer1(running in thread_id: 3345)
[2025-02-26 09:19:56.813] [3303] [HailoRT] [info] [pipeline.cpp:891] [print_deep_description] PreInferEl3yolov8s/input_layer1 | inputs: EntryPushQEl0yolov8s/input_layer1[0] | outputs: PushQEl3yolov8s/input_layer1
[2025-02-26 09:19:56.813] [3303] [HailoRT] [info] [pipeline.cpp:891] [print_deep_description] PushQEl3yolov8s/input_layer1 | inputs: PreInferEl3yolov8s/input_layer1[0] | outputs: AsyncHwEl(running in thread_id: 3346)
[2025-02-26 09:19:56.813] [3303] [HailoRT] [info] [pipeline.cpp:891] [print_deep_description] AsyncHwEl | inputs: PushQEl3yolov8s/input_layer1[0] | outputs: MultiPushQEl0YOLOV8-Post-Process MultiPushQEl0YOLOV8-Post-Process MultiPushQEl0YOLOV8-Post-Process MultiPushQEl0YOLOV8-Post-Process MultiPushQEl0YOLOV8-Post-Process MultiPushQEl0YOLOV8-Post-Process
[2025-02-26 09:19:56.813] [3303] [HailoRT] [info] [pipeline.cpp:891] [print_deep_description] MultiPushQEl0YOLOV8-Post-Process | inputs: AsyncHwEl[0] AsyncHwEl[1] AsyncHwEl[2] AsyncHwEl[3] AsyncHwEl[4] AsyncHwEl[5] | outputs: NmsPPMuxEl0YOLOV8-Post-Process(running in thread_id: 3347)
[2025-02-26 09:19:56.813] [3303] [HailoRT] [info] [pipeline.cpp:891] [print_deep_description] NmsPPMuxEl0YOLOV8-Post-Process | inputs: MultiPushQEl0YOLOV8-Post-Process[0] | outputs: LastAsyncEl0NmsPPMuxEl0YOLOV8-Post-Process
[2025-02-26 09:19:56.813] [3303] [HailoRT] [info] [pipeline.cpp:891] [print_deep_description] LastAsyncEl0NmsPPMuxEl0YOLOV8-Post-Process | inputs: NmsPPMuxEl0YOLOV8-Post-Process[0] | outputs: user
[2025-02-26 09:19:59.846] [3335] [HailoRT] [info] [hef.cpp:1929] [get_network_group_and_network_name] No name was given. Addressing all networks of default network_group: yolov8s
[2025-02-26 09:20:09.688] [3303] [HailoRT] [info] [async_infer_runner.cpp:86] [shutdown] Pipeline was aborted. Shutting it down
[2025-02-26 09:20:09.688] [3303] [HailoRT] [info] [queue_elements.cpp:1131] [execute_deactivate] enqueue() in element MultiPushQEl0YOLOV8-Post-Process was aborted, got status = HAILO_SHUTDOWN_EVENT_SIGNALED(57)
[2025-02-26 09:20:09.688] [3303] [HailoRT] [info] [queue_elements.cpp:1131] [execute_deactivate] enqueue() in element MultiPushQEl0YOLOV8-Post-Process was aborted, got status = HAILO_SHUTDOWN_EVENT_SIGNALED(57)
[2025-02-26 09:20:09.688] [3303] [HailoRT] [info] [queue_elements.cpp:1131] [execute_deactivate] enqueue() in element MultiPushQEl0YOLOV8-Post-Process was aborted, got status = HAILO_SHUTDOWN_EVENT_SIGNALED(57)
[2025-02-26 09:20:09.688] [3303] [HailoRT] [info] [queue_elements.cpp:1131] [execute_deactivate] enqueue() in element MultiPushQEl0YOLOV8-Post-Process was aborted, got status = HAILO_SHUTDOWN_EVENT_SIGNALED(57)
[2025-02-26 09:20:09.688] [3303] [HailoRT] [info] [queue_elements.cpp:1131] [execute_deactivate] enqueue() in element MultiPushQEl0YOLOV8-Post-Process was aborted, got status = HAILO_SHUTDOWN_EVENT_SIGNALED(57)
[2025-02-26 09:20:09.688] [3303] [HailoRT] [info] [queue_elements.cpp:1131] [execute_deactivate] enqueue() in element MultiPushQEl0YOLOV8-Post-Process was aborted, got status = HAILO_SHUTDOWN_EVENT_SIGNALED(57)
[2025-02-26 09:20:09.688] [3303] [HailoRT] [info] [queue_elements.cpp:570] [execute_deactivate] enqueue() in element PushQEl3yolov8s/input_layer1 was aborted, got status = HAILO_SHUTDOWN_EVENT_SIGNALED(57)
[2025-02-26 09:20:09.688] [3303] [HailoRT] [info] [queue_elements.cpp:570] [execute_deactivate] enqueue() in element EntryPushQEl0yolov8s/input_layer1 was aborted, got status = HAILO_SHUTDOWN_EVENT_SIGNALED(57)
[2025-02-26 09:20:09.688] [3303] [HailoRT] [info] [queue_elements.cpp:46] [~BaseQueueElement] Queue element EntryPushQEl0yolov8s/input_layer1 has 0 frames in his Queue on destruction
[2025-02-26 09:20:09.689] [3303] [HailoRT] [info] [queue_elements.cpp:46] [~BaseQueueElement] Queue element PushQEl3yolov8s/input_layer1 has 0 frames in his Queue on destruction
[2025-02-28 13:55:24.185] [4649] [HailoRT] [info] [device.cpp:49] [Device] OS Version: Linux 6.6.74+rpt-rpi-2712 #1 SMP PREEMPT Debian 1:6.6.74-1+rpt1 (2025-01-27) aarch64
[2025-02-28 13:55:24.186] [4649] [HailoRT] [info] [control.cpp:108] [control__parse_identify_results] firmware_version is: 4.20.0
[2025-02-28 13:55:24.187] [4649] [HailoRT] [info] [control.cpp:108] [control__parse_identify_results] firmware_version is: 4.20.0
[2025-02-28 13:55:24.271] [4645] [HailoRT] [info] [vdevice.cpp:523] [create] Creating vdevice with params: device_count: 1, scheduling_algorithm: ROUND_ROBIN, multi_process_service: false
[2025-02-28 13:55:24.283] [4645] [HailoRT] [info] [device.cpp:49] [Device] OS Version: Linux 6.6.74+rpt-rpi-2712 #1 SMP PREEMPT Debian 1:6.6.74-1+rpt1 (2025-01-27) aarch64
[2025-02-28 13:55:24.284] [4645] [HailoRT] [info] [control.cpp:108] [control__parse_identify_results] firmware_version is: 4.20.0
[2025-02-28 13:55:24.284] [4645] [HailoRT] [info] [vdevice.cpp:651] [create] VDevice Infos: 0000:01:00.0
[2025-02-28 13:55:24.470] [4645] [HailoRT] [info] [hef.cpp:1929] [get_network_group_and_network_name] No name was given. Addressing all networks of default network_group: yolov8s
[2025-02-28 13:55:24.470] [4645] [HailoRT] [info] [hef.cpp:1929] [get_network_group_and_network_name] No name was given. Addressing all networks of default network_group: yolov8s
[2025-02-28 13:55:24.488] [4645] [HailoRT] [info] [internal_buffer_manager.cpp:204] [print_execution_results] Planned internal buffer memory: CMA memory 0, user memory 4551168. memory to edge layer usage factor is 1
[2025-02-28 13:55:24.488] [4645] [HailoRT] [info] [internal_buffer_manager.cpp:212] [print_execution_results] Default Internal buffer planner executed successfully
[2025-02-28 13:55:24.503] [4645] [HailoRT] [info] [device_internal.cpp:57] [configure] Configuring HEF took 22.30222 milliseconds
[2025-02-28 13:55:24.504] [4645] [HailoRT] [info] [vdevice.cpp:749] [configure] Configuring HEF on VDevice took 22.615771 milliseconds
[2025-02-28 13:55:24.504] [4645] [HailoRT] [info] [infer_model.cpp:436] [configure] Configuring network group 'yolov8s' with params: batch size: 2, power mode: PERFORMANCE, latency: NONE
[2025-02-28 13:55:24.504] [4645] [HailoRT] [info] [multi_io_elements.cpp:756] [create] Created (AsyncHwEl)
[2025-02-28 13:55:24.504] [4645] [HailoRT] [info] [queue_elements.cpp:450] [create] Created (EntryPushQEl0yolov8s/input_layer1 | timeout: 10s)
[2025-02-28 13:55:24.504] [4645] [HailoRT] [info] [filter_elements.cpp:101] [create] Created (PreInferEl3yolov8s/input_layer1 | Reorder - src_order: RGB4, src_shape: (640, 640, 3), dst_order: NHCW, dst_shape: (640, 640, 3))
[2025-02-28 13:55:24.504] [4645] [HailoRT] [info] [queue_elements.cpp:450] [create] Created (PushQEl3yolov8s/input_layer1 | timeout: 10s)
[2025-02-28 13:55:24.504] [4645] [HailoRT] [info] [multi_io_elements.cpp:135] [create] Created (NmsPPMuxEl0YOLOV8-Post-Process | Op YOLOV8, Name: YOLOV8-Post-Process, Score threshold: 0.300, IoU threshold: 0.45, Classes: 80, Cross classes: false, NMS results order: BY_CLASS, Max bboxes per class: 100, Image height: 640, Image width: 640)
[2025-02-28 13:55:24.504] [4645] [HailoRT] [info] [queue_elements.cpp:942] [create] Created (MultiPushQEl0YOLOV8-Post-Process | timeout: 10s)
[2025-02-28 13:55:24.504] [4645] [HailoRT] [info] [edge_elements.cpp:187] [create] Created (LastAsyncEl0NmsPPMuxEl0YOLOV8-Post-Process)
[2025-02-28 13:55:24.504] [4645] [HailoRT] [info] [pipeline.cpp:891] [print_deep_description] EntryPushQEl0yolov8s/input_layer1 | inputs: user | outputs: PreInferEl3yolov8s/input_layer1(running in thread_id: 4686)
[2025-02-28 13:55:24.504] [4645] [HailoRT] [info] [pipeline.cpp:891] [print_deep_description] PreInferEl3yolov8s/input_layer1 | inputs: EntryPushQEl0yolov8s/input_layer1[0] | outputs: PushQEl3yolov8s/input_layer1
[2025-02-28 13:55:24.504] [4645] [HailoRT] [info] [pipeline.cpp:891] [print_deep_description] PushQEl3yolov8s/input_layer1 | inputs: PreInferEl3yolov8s/input_layer1[0] | outputs: AsyncHwEl(running in thread_id: 4687)
[2025-02-28 13:55:24.504] [4645] [HailoRT] [info] [pipeline.cpp:891] [print_deep_description] AsyncHwEl | inputs: PushQEl3yolov8s/input_layer1[0] | outputs: MultiPushQEl0YOLOV8-Post-Process MultiPushQEl0YOLOV8-Post-Process MultiPushQEl0YOLOV8-Post-Process MultiPushQEl0YOLOV8-Post-Process MultiPushQEl0YOLOV8-Post-Process MultiPushQEl0YOLOV8-Post-Process
[2025-02-28 13:55:24.504] [4645] [HailoRT] [info] [pipeline.cpp:891] [print_deep_description] MultiPushQEl0YOLOV8-Post-Process | inputs: AsyncHwEl[0] AsyncHwEl[1] AsyncHwEl[2] AsyncHwEl[3] AsyncHwEl[4] AsyncHwEl[5] | outputs: NmsPPMuxEl0YOLOV8-Post-Process(running in thread_id: 4688)
[2025-02-28 13:55:24.504] [4645] [HailoRT] [info] [pipeline.cpp:891] [print_deep_description] NmsPPMuxEl0YOLOV8-Post-Process | inputs: MultiPushQEl0YOLOV8-Post-Process[0] | outputs: LastAsyncEl0NmsPPMuxEl0YOLOV8-Post-Process
[2025-02-28 13:55:24.504] [4645] [HailoRT] [info] [pipeline.cpp:891] [print_deep_description] LastAsyncEl0NmsPPMuxEl0YOLOV8-Post-Process | inputs: NmsPPMuxEl0YOLOV8-Post-Process[0] | outputs: user
[2025-02-28 13:55:26.930] [4676] [HailoRT] [info] [hef.cpp:1929] [get_network_group_and_network_name] No name was given. Addressing all networks of default network_group: yolov8s
[2025-02-28 13:55:34.132] [4645] [HailoRT] [info] [async_infer_runner.cpp:86] [shutdown] Pipeline was aborted. Shutting it down
[2025-02-28 13:55:34.132] [4645] [HailoRT] [info] [queue_elements.cpp:1131] [execute_deactivate] enqueue() in element MultiPushQEl0YOLOV8-Post-Process was aborted, got status = HAILO_SHUTDOWN_EVENT_SIGNALED(57)
[2025-02-28 13:55:34.132] [4645] [HailoRT] [info] [queue_elements.cpp:1131] [execute_deactivate] enqueue() in element MultiPushQEl0YOLOV8-Post-Process was aborted, got status = HAILO_SHUTDOWN_EVENT_SIGNALED(57)
[2025-02-28 13:55:34.132] [4645] [HailoRT] [info] [queue_elements.cpp:1131] [execute_deactivate] enqueue() in element MultiPushQEl0YOLOV8-Post-Process was aborted, got status = HAILO_SHUTDOWN_EVENT_SIGNALED(57)
[2025-02-28 13:55:34.132] [4645] [HailoRT] [info] [queue_elements.cpp:1131] [execute_deactivate] enqueue() in element MultiPushQEl0YOLOV8-Post-Process was aborted, got status = HAILO_SHUTDOWN_EVENT_SIGNALED(57)
[2025-02-28 13:55:34.132] [4645] [HailoRT] [info] [queue_elements.cpp:1131] [execute_deactivate] enqueue() in element MultiPushQEl0YOLOV8-Post-Process was aborted, got status = HAILO_SHUTDOWN_EVENT_SIGNALED(57)
[2025-02-28 13:55:34.132] [4645] [HailoRT] [info] [queue_elements.cpp:1131] [execute_deactivate] enqueue() in element MultiPushQEl0YOLOV8-Post-Process was aborted, got status = HAILO_SHUTDOWN_EVENT_SIGNALED(57)
[2025-02-28 13:55:34.132] [4645] [HailoRT] [info] [queue_elements.cpp:570] [execute_deactivate] enqueue() in element PushQEl3yolov8s/input_layer1 was aborted, got status = HAILO_SHUTDOWN_EVENT_SIGNALED(57)
[2025-02-28 13:55:34.132] [4645] [HailoRT] [info] [queue_elements.cpp:570] [execute_deactivate] enqueue() in element EntryPushQEl0yolov8s/input_layer1 was aborted, got status = HAILO_SHUTDOWN_EVENT_SIGNALED(57)
[2025-02-28 13:55:34.132] [4645] [HailoRT] [info] [queue_elements.cpp:46] [~BaseQueueElement] Queue element EntryPushQEl0yolov8s/input_layer1 has 0 frames in his Queue on destruction
[2025-02-28 13:55:34.132] [4645] [HailoRT] [info] [queue_elements.cpp:46] [~BaseQueueElement] Queue element PushQEl3yolov8s/input_layer1 has 0 frames in his Queue on destruction
[2025-02-28 13:56:19.631] [4704] [HailoRT] [info] [device.cpp:49] [Device] OS Version: Linux 6.6.74+rpt-rpi-2712 #1 SMP PREEMPT Debian 1:6.6.74-1+rpt1 (2025-01-27) aarch64
[2025-02-28 13:56:19.632] [4704] [HailoRT] [info] [control.cpp:108] [control__parse_identify_results] firmware_version is: 4.20.0
[2025-02-28 13:56:19.633] [4704] [HailoRT] [info] [control.cpp:108] [control__parse_identify_results] firmware_version is: 4.20.0
[2025-02-28 13:56:19.702] [4701] [HailoRT] [info] [vdevice.cpp:523] [create] Creating vdevice with params: device_count: 1, scheduling_algorithm: ROUND_ROBIN, multi_process_service: false
[2025-02-28 13:56:19.714] [4701] [HailoRT] [info] [device.cpp:49] [Device] OS Version: Linux 6.6.74+rpt-rpi-2712 #1 SMP PREEMPT Debian 1:6.6.74-1+rpt1 (2025-01-27) aarch64
[2025-02-28 13:56:19.716] [4701] [HailoRT] [info] [control.cpp:108] [control__parse_identify_results] firmware_version is: 4.20.0
[2025-02-28 13:56:19.716] [4701] [HailoRT] [info] [vdevice.cpp:651] [create] VDevice Infos: 0000:01:00.0
[2025-02-28 13:56:19.902] [4701] [HailoRT] [info] [hef.cpp:1929] [get_network_group_and_network_name] No name was given. Addressing all networks of default network_group: yolov8s
[2025-02-28 13:56:19.902] [4701] [HailoRT] [info] [hef.cpp:1929] [get_network_group_and_network_name] No name was given. Addressing all networks of default network_group: yolov8s
[2025-02-28 13:56:19.920] [4701] [HailoRT] [info] [internal_buffer_manager.cpp:204] [print_execution_results] Planned internal buffer memory: CMA memory 0, user memory 4551168. memory to edge layer usage factor is 1
[2025-02-28 13:56:19.920] [4701] [HailoRT] [info] [internal_buffer_manager.cpp:212] [print_execution_results] Default Internal buffer planner executed successfully
[2025-02-28 13:56:19.935] [4701] [HailoRT] [info] [device_internal.cpp:57] [configure] Configuring HEF took 22.533364 milliseconds
[2025-02-28 13:56:19.935] [4701] [HailoRT] [info] [vdevice.cpp:749] [configure] Configuring HEF on VDevice took 22.847175 milliseconds
[2025-02-28 13:56:19.936] [4701] [HailoRT] [info] [infer_model.cpp:436] [configure] Configuring network group 'yolov8s' with params: batch size: 2, power mode: PERFORMANCE, latency: NONE
[2025-02-28 13:56:19.936] [4701] [HailoRT] [info] [multi_io_elements.cpp:756] [create] Created (AsyncHwEl)
[2025-02-28 13:56:19.936] [4701] [HailoRT] [info] [queue_elements.cpp:450] [create] Created (EntryPushQEl0yolov8s/input_layer1 | timeout: 10s)
[2025-02-28 13:56:19.936] [4701] [HailoRT] [info] [filter_elements.cpp:101] [create] Created (PreInferEl3yolov8s/input_layer1 | Reorder - src_order: RGB4, src_shape: (640, 640, 3), dst_order: NHCW, dst_shape: (640, 640, 3))
[2025-02-28 13:56:19.936] [4701] [HailoRT] [info] [queue_elements.cpp:450] [create] Created (PushQEl3yolov8s/input_layer1 | timeout: 10s)
[2025-02-28 13:56:19.936] [4701] [HailoRT] [info] [multi_io_elements.cpp:135] [create] Created (NmsPPMuxEl0YOLOV8-Post-Process | Op YOLOV8, Name: YOLOV8-Post-Process, Score threshold: 0.300, IoU threshold: 0.45, Classes: 80, Cross classes: false, NMS results order: BY_CLASS, Max bboxes per class: 100, Image height: 640, Image width: 640)
[2025-02-28 13:56:19.936] [4701] [HailoRT] [info] [queue_elements.cpp:942] [create] Created (MultiPushQEl0YOLOV8-Post-Process | timeout: 10s)
[2025-02-28 13:56:19.936] [4701] [HailoRT] [info] [edge_elements.cpp:187] [create] Created (LastAsyncEl0NmsPPMuxEl0YOLOV8-Post-Process)
[2025-02-28 13:56:19.936] [4701] [HailoRT] [info] [pipeline.cpp:891] [print_deep_description] EntryPushQEl0yolov8s/input_layer1 | inputs: user | outputs: PreInferEl3yolov8s/input_layer1(running in thread_id: 4741)
[2025-02-28 13:56:19.936] [4701] [HailoRT] [info] [pipeline.cpp:891] [print_deep_description] PreInferEl3yolov8s/input_layer1 | inputs: EntryPushQEl0yolov8s/input_layer1[0] | outputs: PushQEl3yolov8s/input_layer1
[2025-02-28 13:56:19.936] [4701] [HailoRT] [info] [pipeline.cpp:891] [print_deep_description] PushQEl3yolov8s/input_layer1 | inputs: PreInferEl3yolov8s/input_layer1[0] | outputs: AsyncHwEl(running in thread_id: 4742)
[2025-02-28 13:56:19.936] [4701] [HailoRT] [info] [pipeline.cpp:891] [print_deep_description] AsyncHwEl | inputs: PushQEl3yolov8s/input_layer1[0] | outputs: MultiPushQEl0YOLOV8-Post-Process MultiPushQEl0YOLOV8-Post-Process MultiPushQEl0YOLOV8-Post-Process MultiPushQEl0YOLOV8-Post-Process MultiPushQEl0YOLOV8-Post-Process MultiPushQEl0YOLOV8-Post-Process
[2025-02-28 13:56:19.936] [4701] [HailoRT] [info] [pipeline.cpp:891] [print_deep_description] MultiPushQEl0YOLOV8-Post-Process | inputs: AsyncHwEl[0] AsyncHwEl[1] AsyncHwEl[2] AsyncHwEl[3] AsyncHwEl[4] AsyncHwEl[5] | outputs: NmsPPMuxEl0YOLOV8-Post-Process(running in thread_id: 4743)
[2025-02-28 13:56:19.936] [4701] [HailoRT] [info] [pipeline.cpp:891] [print_deep_description] NmsPPMuxEl0YOLOV8-Post-Process | inputs: MultiPushQEl0YOLOV8-Post-Process[0] | outputs: LastAsyncEl0NmsPPMuxEl0YOLOV8-Post-Process
[2025-02-28 13:56:19.936] [4701] [HailoRT] [info] [pipeline.cpp:891] [print_deep_description] LastAsyncEl0NmsPPMuxEl0YOLOV8-Post-Process | inputs: NmsPPMuxEl0YOLOV8-Post-Process[0] | outputs: user
[2025-02-28 13:56:22.356] [4731] [HailoRT] [info] [hef.cpp:1929] [get_network_group_and_network_name] No name was given. Addressing all networks of default network_group: yolov8s
[2025-02-28 13:56:33.644] [4701] [HailoRT] [info] [async_infer_runner.cpp:86] [shutdown] Pipeline was aborted. Shutting it down
[2025-02-28 13:56:33.650] [4719] [HailoRT] [info] [network_group.cpp:857] [operator()] Infer request was aborted by user
[2025-02-28 13:56:33.650] [4701] [HailoRT] [info] [queue_elements.cpp:1131] [execute_deactivate] enqueue() in element MultiPushQEl0YOLOV8-Post-Process was aborted, got status = HAILO_SHUTDOWN_EVENT_SIGNALED(57)
[2025-02-28 13:56:33.650] [4701] [HailoRT] [info] [queue_elements.cpp:1131] [execute_deactivate] enqueue() in element MultiPushQEl0YOLOV8-Post-Process was aborted, got status = HAILO_SHUTDOWN_EVENT_SIGNALED(57)
[2025-02-28 13:56:33.650] [4701] [HailoRT] [info] [queue_elements.cpp:1131] [execute_deactivate] enqueue() in element MultiPushQEl0YOLOV8-Post-Process was aborted, got status = HAILO_SHUTDOWN_EVENT_SIGNALED(57)
[2025-02-28 13:56:33.650] [4701] [HailoRT] [info] [queue_elements.cpp:1131] [execute_deactivate] enqueue() in element MultiPushQEl0YOLOV8-Post-Process was aborted, got status = HAILO_SHUTDOWN_EVENT_SIGNALED(57)
[2025-02-28 13:56:33.650] [4701] [HailoRT] [info] [queue_elements.cpp:1131] [execute_deactivate] enqueue() in element MultiPushQEl0YOLOV8-Post-Process was aborted, got status = HAILO_SHUTDOWN_EVENT_SIGNALED(57)
[2025-02-28 13:56:33.650] [4701] [HailoRT] [info] [queue_elements.cpp:1131] [execute_deactivate] enqueue() in element MultiPushQEl0YOLOV8-Post-Process was aborted, got status = HAILO_SHUTDOWN_EVENT_SIGNALED(57)
[2025-02-28 13:56:33.650] [4701] [HailoRT] [info] [queue_elements.cpp:570] [execute_deactivate] enqueue() in element PushQEl3yolov8s/input_layer1 was aborted, got status = HAILO_SHUTDOWN_EVENT_SIGNALED(57)
[2025-02-28 13:56:33.650] [4701] [HailoRT] [info] [queue_elements.cpp:570] [execute_deactivate] enqueue() in element EntryPushQEl0yolov8s/input_layer1 was aborted, got status = HAILO_SHUTDOWN_EVENT_SIGNALED(57)
[2025-02-28 13:56:33.650] [4701] [HailoRT] [info] [queue_elements.cpp:46] [~BaseQueueElement] Queue element EntryPushQEl0yolov8s/input_layer1 has 0 frames in his Queue on destruction
[2025-02-28 13:56:33.650] [4701] [HailoRT] [info] [queue_elements.cpp:46] [~BaseQueueElement] Queue element PushQEl3yolov8s/input_layer1 has 0 frames in his Queue on destruction
[2025-02-28 13:58:31.126] [4760] [HailoRT] [info] [device.cpp:49] [Device] OS Version: Linux 6.6.74+rpt-rpi-2712 #1 SMP PREEMPT Debian 1:6.6.74-1+rpt1 (2025-01-27) aarch64
[2025-02-28 13:58:31.127] [4760] [HailoRT] [info] [control.cpp:108] [control__parse_identify_results] firmware_version is: 4.20.0
[2025-02-28 13:58:31.128] [4760] [HailoRT] [info] [control.cpp:108] [control__parse_identify_results] firmware_version is: 4.20.0
[2025-02-28 13:58:31.199] [4757] [HailoRT] [info] [vdevice.cpp:523] [create] Creating vdevice with params: device_count: 1, scheduling_algorithm: ROUND_ROBIN, multi_process_service: false
[2025-02-28 13:58:31.211] [4757] [HailoRT] [info] [device.cpp:49] [Device] OS Version: Linux 6.6.74+rpt-rpi-2712 #1 SMP PREEMPT Debian 1:6.6.74-1+rpt1 (2025-01-27) aarch64
[2025-02-28 13:58:31.212] [4757] [HailoRT] [info] [control.cpp:108] [control__parse_identify_results] firmware_version is: 4.20.0
[2025-02-28 13:58:31.212] [4757] [HailoRT] [info] [vdevice.cpp:651] [create] VDevice Infos: 0000:01:00.0
[2025-02-28 13:58:31.397] [4757] [HailoRT] [info] [hef.cpp:1929] [get_network_group_and_network_name] No name was given. Addressing all networks of default network_group: yolov8s
[2025-02-28 13:58:31.397] [4757] [HailoRT] [info] [hef.cpp:1929] [get_network_group_and_network_name] No name was given. Addressing all networks of default network_group: yolov8s
[2025-02-28 13:58:31.416] [4757] [HailoRT] [info] [internal_buffer_manager.cpp:204] [print_execution_results] Planned internal buffer memory: CMA memory 0, user memory 4551168. memory to edge layer usage factor is 1
[2025-02-28 13:58:31.416] [4757] [HailoRT] [info] [internal_buffer_manager.cpp:212] [print_execution_results] Default Internal buffer planner executed successfully
[2025-02-28 13:58:31.431] [4757] [HailoRT] [info] [device_internal.cpp:57] [configure] Configuring HEF took 22.743084 milliseconds
[2025-02-28 13:58:31.431] [4757] [HailoRT] [info] [vdevice.cpp:749] [configure] Configuring HEF on VDevice took 23.052338 milliseconds
[2025-02-28 13:58:31.431] [4757] [HailoRT] [info] [infer_model.cpp:436] [configure] Configuring network group 'yolov8s' with params: batch size: 2, power mode: PERFORMANCE, latency: NONE
[2025-02-28 13:58:31.431] [4757] [HailoRT] [info] [multi_io_elements.cpp:756] [create] Created (AsyncHwEl)
[2025-02-28 13:58:31.431] [4757] [HailoRT] [info] [queue_elements.cpp:450] [create] Created (EntryPushQEl0yolov8s/input_layer1 | timeout: 10s)
[2025-02-28 13:58:31.431] [4757] [HailoRT] [info] [filter_elements.cpp:101] [create] Created (PreInferEl3yolov8s/input_layer1 | Reorder - src_order: RGB4, src_shape: (640, 640, 3), dst_order: NHCW, dst_shape: (640, 640, 3))
[2025-02-28 13:58:31.431] [4757] [HailoRT] [info] [queue_elements.cpp:450] [create] Created (PushQEl3yolov8s/input_layer1 | timeout: 10s)
[2025-02-28 13:58:31.431] [4757] [HailoRT] [info] [multi_io_elements.cpp:135] [create] Created (NmsPPMuxEl0YOLOV8-Post-Process | Op YOLOV8, Name: YOLOV8-Post-Process, Score threshold: 0.300, IoU threshold: 0.45, Classes: 80, Cross classes: false, NMS results order: BY_CLASS, Max bboxes per class: 100, Image height: 640, Image width: 640)
[2025-02-28 13:58:31.432] [4757] [HailoRT] [info] [queue_elements.cpp:942] [create] Created (MultiPushQEl0YOLOV8-Post-Process | timeout: 10s)
[2025-02-28 13:58:31.432] [4757] [HailoRT] [info] [edge_elements.cpp:187] [create] Created (LastAsyncEl0NmsPPMuxEl0YOLOV8-Post-Process)
[2025-02-28 13:58:31.432] [4757] [HailoRT] [info] [pipeline.cpp:891] [print_deep_description] EntryPushQEl0yolov8s/input_layer1 | inputs: user | outputs: PreInferEl3yolov8s/input_layer1(running in thread_id: 4796)
[2025-02-28 13:58:31.432] [4757] [HailoRT] [info] [pipeline.cpp:891] [print_deep_description] PreInferEl3yolov8s/input_layer1 | inputs: EntryPushQEl0yolov8s/input_layer1[0] | outputs: PushQEl3yolov8s/input_layer1
[2025-02-28 13:58:31.432] [4757] [HailoRT] [info] [pipeline.cpp:891] [print_deep_description] PushQEl3yolov8s/input_layer1 | inputs: PreInferEl3yolov8s/input_layer1[0] | outputs: AsyncHwEl(running in thread_id: 4797)
[2025-02-28 13:58:31.432] [4757] [HailoRT] [info] [pipeline.cpp:891] [print_deep_description] AsyncHwEl | inputs: PushQEl3yolov8s/input_layer1[0] | outputs: MultiPushQEl0YOLOV8-Post-Process MultiPushQEl0YOLOV8-Post-Process MultiPushQEl0YOLOV8-Post-Process MultiPushQEl0YOLOV8-Post-Process MultiPushQEl0YOLOV8-Post-Process MultiPushQEl0YOLOV8-Post-Process
[2025-02-28 13:58:31.432] [4757] [HailoRT] [info] [pipeline.cpp:891] [print_deep_description] MultiPushQEl0YOLOV8-Post-Process | inputs: AsyncHwEl[0] AsyncHwEl[1] AsyncHwEl[2] AsyncHwEl[3] AsyncHwEl[4] AsyncHwEl[5] | outputs: NmsPPMuxEl0YOLOV8-Post-Process(running in thread_id: 4798)
[2025-02-28 13:58:31.432] [4757] [HailoRT] [info] [pipeline.cpp:891] [print_deep_description] NmsPPMuxEl0YOLOV8-Post-Process | inputs: MultiPushQEl0YOLOV8-Post-Process[0] | outputs: LastAsyncEl0NmsPPMuxEl0YOLOV8-Post-Process
[2025-02-28 13:58:31.432] [4757] [HailoRT] [info] [pipeline.cpp:891] [print_deep_description] LastAsyncEl0NmsPPMuxEl0YOLOV8-Post-Process | inputs: NmsPPMuxEl0YOLOV8-Post-Process[0] | outputs: user
[2025-02-28 13:58:33.856] [4786] [HailoRT] [info] [hef.cpp:1929] [get_network_group_and_network_name] No name was given. Addressing all networks of default network_group: yolov8s
[2025-02-28 13:58:40.860] [4757] [HailoRT] [info] [async_infer_runner.cpp:86] [shutdown] Pipeline was aborted. Shutting it down
[2025-02-28 13:58:40.861] [4757] [HailoRT] [info] [queue_elements.cpp:1131] [execute_deactivate] enqueue() in element MultiPushQEl0YOLOV8-Post-Process was aborted, got status = HAILO_SHUTDOWN_EVENT_SIGNALED(57)
[2025-02-28 13:58:40.861] [4757] [HailoRT] [info] [queue_elements.cpp:1131] [execute_deactivate] enqueue() in element MultiPushQEl0YOLOV8-Post-Process was aborted, got status = HAILO_SHUTDOWN_EVENT_SIGNALED(57)
[2025-02-28 13:58:40.861] [4757] [HailoRT] [info] [queue_elements.cpp:1131] [execute_deactivate] enqueue() in element MultiPushQEl0YOLOV8-Post-Process was aborted, got status = HAILO_SHUTDOWN_EVENT_SIGNALED(57)
[2025-02-28 13:58:40.861] [4757] [HailoRT] [info] [queue_elements.cpp:1131] [execute_deactivate] enqueue() in element MultiPushQEl0YOLOV8-Post-Process was aborted, got status = HAILO_SHUTDOWN_EVENT_SIGNALED(57)
[2025-02-28 13:58:40.861] [4757] [HailoRT] [info] [queue_elements.cpp:1131] [execute_deactivate] enqueue() in element MultiPushQEl0YOLOV8-Post-Process was aborted, got status = HAILO_SHUTDOWN_EVENT_SIGNALED(57)
[2025-02-28 13:58:40.861] [4757] [HailoRT] [info] [queue_elements.cpp:1131] [execute_deactivate] enqueue() in element MultiPushQEl0YOLOV8-Post-Process was aborted, got status = HAILO_SHUTDOWN_EVENT_SIGNALED(57)
[2025-02-28 13:58:40.861] [4757] [HailoRT] [info] [queue_elements.cpp:570] [execute_deactivate] enqueue() in element PushQEl3yolov8s/input_layer1 was aborted, got status = HAILO_SHUTDOWN_EVENT_SIGNALED(57)
[2025-02-28 13:58:40.861] [4757] [HailoRT] [info] [queue_elements.cpp:570] [execute_deactivate] enqueue() in element EntryPushQEl0yolov8s/input_layer1 was aborted, got status = HAILO_SHUTDOWN_EVENT_SIGNALED(57)
[2025-02-28 13:58:40.861] [4757] [HailoRT] [info] [queue_elements.cpp:46] [~BaseQueueElement] Queue element EntryPushQEl0yolov8s/input_layer1 has 0 frames in his Queue on destruction
[2025-02-28 13:58:40.861] [4757] [HailoRT] [info] [queue_elements.cpp:46] [~BaseQueueElement] Queue element PushQEl3yolov8s/input_layer1 has 0 frames in his Queue on destruction
[2025-03-11 08:10:43.070] [3820] [HailoRT] [info] [device.cpp:49] [Device] OS Version: Linux 6.6.74+rpt-rpi-2712 #1 SMP PREEMPT Debian 1:6.6.74-1+rpt1 (2025-01-27) aarch64
[2025-03-11 08:10:43.072] [3820] [HailoRT] [info] [control.cpp:108] [control__parse_identify_results] firmware_version is: 4.20.0
[2025-03-11 08:10:43.073] [3820] [HailoRT] [info] [control.cpp:108] [control__parse_identify_results] firmware_version is: 4.20.0
[2025-03-11 08:10:46.927] [3817] [HailoRT] [info] [vdevice.cpp:523] [create] Creating vdevice with params: device_count: 1, scheduling_algorithm: ROUND_ROBIN, multi_process_service: false
[2025-03-11 08:10:46.944] [3817] [HailoRT] [info] [device.cpp:49] [Device] OS Version: Linux 6.6.74+rpt-rpi-2712 #1 SMP PREEMPT Debian 1:6.6.74-1+rpt1 (2025-01-27) aarch64
[2025-03-11 08:10:46.953] [3817] [HailoRT] [info] [control.cpp:108] [control__parse_identify_results] firmware_version is: 4.20.0
[2025-03-11 08:10:46.958] [3817] [HailoRT] [info] [vdevice.cpp:651] [create] VDevice Infos: 0000:01:00.0
[2025-03-11 08:10:47.695] [3817] [HailoRT] [info] [hef.cpp:1929] [get_network_group_and_network_name] No name was given. Addressing all networks of default network_group: yolov8s
[2025-03-11 08:10:47.696] [3817] [HailoRT] [info] [hef.cpp:1929] [get_network_group_and_network_name] No name was given. Addressing all networks of default network_group: yolov8s
[2025-03-11 08:10:47.754] [3817] [HailoRT] [info] [internal_buffer_manager.cpp:204] [print_execution_results] Planned internal buffer memory: CMA memory 0, user memory 4551168. memory to edge layer usage factor is 1
[2025-03-11 08:10:47.754] [3817] [HailoRT] [info] [internal_buffer_manager.cpp:212] [print_execution_results] Default Internal buffer planner executed successfully
[2025-03-11 08:10:47.773] [3817] [HailoRT] [info] [device_internal.cpp:57] [configure] Configuring HEF took 30.704853 milliseconds
[2025-03-11 08:10:47.776] [3817] [HailoRT] [info] [vdevice.cpp:749] [configure] Configuring HEF on VDevice took 34.365703 milliseconds
[2025-03-11 08:10:47.776] [3817] [HailoRT] [info] [infer_model.cpp:436] [configure] Configuring network group 'yolov8s' with params: batch size: 2, power mode: PERFORMANCE, latency: NONE
[2025-03-11 08:10:47.786] [3817] [HailoRT] [info] [multi_io_elements.cpp:756] [create] Created (AsyncHwEl)
[2025-03-11 08:10:47.786] [3817] [HailoRT] [info] [queue_elements.cpp:450] [create] Created (EntryPushQEl0yolov8s/input_layer1 | timeout: 10s)
[2025-03-11 08:10:47.786] [3817] [HailoRT] [info] [filter_elements.cpp:101] [create] Created (PreInferEl3yolov8s/input_layer1 | Reorder - src_order: RGB4, src_shape: (640, 640, 3), dst_order: NHCW, dst_shape: (640, 640, 3))
[2025-03-11 08:10:47.786] [3817] [HailoRT] [info] [queue_elements.cpp:450] [create] Created (PushQEl3yolov8s/input_layer1 | timeout: 10s)
[2025-03-11 08:10:47.788] [3817] [HailoRT] [info] [multi_io_elements.cpp:135] [create] Created (NmsPPMuxEl0YOLOV8-Post-Process | Op YOLOV8, Name: YOLOV8-Post-Process, Score threshold: 0.300, IoU threshold: 0.45, Classes: 80, Cross classes: false, NMS results order: BY_CLASS, Max bboxes per class: 100, Image height: 640, Image width: 640)
[2025-03-11 08:10:47.789] [3817] [HailoRT] [info] [queue_elements.cpp:942] [create] Created (MultiPushQEl0YOLOV8-Post-Process | timeout: 10s)
[2025-03-11 08:10:47.789] [3817] [HailoRT] [info] [edge_elements.cpp:187] [create] Created (LastAsyncEl0NmsPPMuxEl0YOLOV8-Post-Process)
[2025-03-11 08:10:47.789] [3817] [HailoRT] [info] [pipeline.cpp:891] [print_deep_description] EntryPushQEl0yolov8s/input_layer1 | inputs: user | outputs: PreInferEl3yolov8s/input_layer1(running in thread_id: 3857)
[2025-03-11 08:10:47.789] [3817] [HailoRT] [info] [pipeline.cpp:891] [print_deep_description] PreInferEl3yolov8s/input_layer1 | inputs: EntryPushQEl0yolov8s/input_layer1[0] | outputs: PushQEl3yolov8s/input_layer1
[2025-03-11 08:10:47.789] [3817] [HailoRT] [info] [pipeline.cpp:891] [print_deep_description] PushQEl3yolov8s/input_layer1 | inputs: PreInferEl3yolov8s/input_layer1[0] | outputs: AsyncHwEl(running in thread_id: 3858)
[2025-03-11 08:10:47.789] [3817] [HailoRT] [info] [pipeline.cpp:891] [print_deep_description] AsyncHwEl | inputs: PushQEl3yolov8s/input_layer1[0] | outputs: MultiPushQEl0YOLOV8-Post-Process MultiPushQEl0YOLOV8-Post-Process MultiPushQEl0YOLOV8-Post-Process MultiPushQEl0YOLOV8-Post-Process MultiPushQEl0YOLOV8-Post-Process MultiPushQEl0YOLOV8-Post-Process
[2025-03-11 08:10:47.789] [3817] [HailoRT] [info] [pipeline.cpp:891] [print_deep_description] MultiPushQEl0YOLOV8-Post-Process | inputs: AsyncHwEl[0] AsyncHwEl[1] AsyncHwEl[2] AsyncHwEl[3] AsyncHwEl[4] AsyncHwEl[5] | outputs: NmsPPMuxEl0YOLOV8-Post-Process(running in thread_id: 3859)
[2025-03-11 08:10:47.789] [3817] [HailoRT] [info] [pipeline.cpp:891] [print_deep_description] NmsPPMuxEl0YOLOV8-Post-Process | inputs: MultiPushQEl0YOLOV8-Post-Process[0] | outputs: LastAsyncEl0NmsPPMuxEl0YOLOV8-Post-Process
[2025-03-11 08:10:47.789] [3817] [HailoRT] [info] [pipeline.cpp:891] [print_deep_description] LastAsyncEl0NmsPPMuxEl0YOLOV8-Post-Process | inputs: NmsPPMuxEl0YOLOV8-Post-Process[0] | outputs: user
[2025-03-11 08:10:50.232] [3847] [HailoRT] [info] [hef.cpp:1929] [get_network_group_and_network_name] No name was given. Addressing all networks of default network_group: yolov8s
[2025-03-11 08:11:13.723] [3817] [HailoRT] [info] [async_infer_runner.cpp:86] [shutdown] Pipeline was aborted. Shutting it down
[2025-03-11 08:11:13.726] [3817] [HailoRT] [info] [queue_elements.cpp:1131] [execute_deactivate] enqueue() in element MultiPushQEl0YOLOV8-Post-Process was aborted, got status = HAILO_SHUTDOWN_EVENT_SIGNALED(57)
[2025-03-11 08:11:13.726] [3817] [HailoRT] [info] [queue_elements.cpp:1131] [execute_deactivate] enqueue() in element MultiPushQEl0YOLOV8-Post-Process was aborted, got status = HAILO_SHUTDOWN_EVENT_SIGNALED(57)
[2025-03-11 08:11:13.726] [3817] [HailoRT] [info] [queue_elements.cpp:1131] [execute_deactivate] enqueue() in element MultiPushQEl0YOLOV8-Post-Process was aborted, got status = HAILO_SHUTDOWN_EVENT_SIGNALED(57)
[2025-03-11 08:11:13.726] [3817] [HailoRT] [info] [queue_elements.cpp:1131] [execute_deactivate] enqueue() in element MultiPushQEl0YOLOV8-Post-Process was aborted, got status = HAILO_SHUTDOWN_EVENT_SIGNALED(57)
[2025-03-11 08:11:13.726] [3817] [HailoRT] [info] [queue_elements.cpp:1131] [execute_deactivate] enqueue() in element MultiPushQEl0YOLOV8-Post-Process was aborted, got status = HAILO_SHUTDOWN_EVENT_SIGNALED(57)
[2025-03-11 08:11:13.726] [3817] [HailoRT] [info] [queue_elements.cpp:1131] [execute_deactivate] enqueue() in element MultiPushQEl0YOLOV8-Post-Process was aborted, got status = HAILO_SHUTDOWN_EVENT_SIGNALED(57)
[2025-03-11 08:11:13.726] [3817] [HailoRT] [info] [queue_elements.cpp:570] [execute_deactivate] enqueue() in element PushQEl3yolov8s/input_layer1 was aborted, got status = HAILO_SHUTDOWN_EVENT_SIGNALED(57)
[2025-03-11 08:11:13.726] [3817] [HailoRT] [info] [queue_elements.cpp:570] [execute_deactivate] enqueue() in element EntryPushQEl0yolov8s/input_layer1 was aborted, got status = HAILO_SHUTDOWN_EVENT_SIGNALED(57)
[2025-03-11 08:11:13.726] [3817] [HailoRT] [info] [queue_elements.cpp:46] [~BaseQueueElement] Queue element EntryPushQEl0yolov8s/input_layer1 has 0 frames in his Queue on destruction
[2025-03-11 08:11:13.726] [3817] [HailoRT] [info] [queue_elements.cpp:46] [~BaseQueueElement] Queue element PushQEl3yolov8s/input_layer1 has 0 frames in his Queue on destruction
[2025-03-11 08:49:42.543] [20063] [HailoRT] [info] [device.cpp:49] [Device] OS Version: Linux 6.6.74+rpt-rpi-2712 #1 SMP PREEMPT Debian 1:6.6.74-1+rpt1 (2025-01-27) aarch64
[2025-03-11 08:49:42.544] [20063] [HailoRT] [info] [control.cpp:108] [control__parse_identify_results] firmware_version is: 4.20.0
[2025-03-11 08:49:42.545] [20063] [HailoRT] [info] [control.cpp:108] [control__parse_identify_results] firmware_version is: 4.20.0
[2025-03-11 08:49:42.940] [20052] [HailoRT] [info] [vdevice.cpp:523] [create] Creating vdevice with params: device_count: 1, scheduling_algorithm: ROUND_ROBIN, multi_process_service: false
[2025-03-11 08:49:42.955] [20052] [HailoRT] [info] [device.cpp:49] [Device] OS Version: Linux 6.6.74+rpt-rpi-2712 #1 SMP PREEMPT Debian 1:6.6.74-1+rpt1 (2025-01-27) aarch64
[2025-03-11 08:49:42.957] [20052] [HailoRT] [info] [control.cpp:108] [control__parse_identify_results] firmware_version is: 4.20.0
[2025-03-11 08:49:42.959] [20052] [HailoRT] [info] [vdevice.cpp:651] [create] VDevice Infos: 0000:01:00.0
[2025-03-11 08:49:43.725] [20052] [HailoRT] [info] [hef.cpp:1929] [get_network_group_and_network_name] No name was given. Addressing all networks of default network_group: yolov8s
[2025-03-11 08:49:43.725] [20052] [HailoRT] [info] [hef.cpp:1929] [get_network_group_and_network_name] No name was given. Addressing all networks of default network_group: yolov8s
[2025-03-11 08:49:43.784] [20052] [HailoRT] [info] [internal_buffer_manager.cpp:204] [print_execution_results] Planned internal buffer memory: CMA memory 0, user memory 4551168. memory to edge layer usage factor is 1
[2025-03-11 08:49:43.784] [20052] [HailoRT] [info] [internal_buffer_manager.cpp:212] [print_execution_results] Default Internal buffer planner executed successfully
[2025-03-11 08:49:43.802] [20052] [HailoRT] [info] [device_internal.cpp:57] [configure] Configuring HEF took 30.885443 milliseconds
[2025-03-11 08:49:43.804] [20052] [HailoRT] [info] [vdevice.cpp:749] [configure] Configuring HEF on VDevice took 33.188066 milliseconds
[2025-03-11 08:49:43.804] [20052] [HailoRT] [info] [infer_model.cpp:436] [configure] Configuring network group 'yolov8s' with params: batch size: 2, power mode: PERFORMANCE, latency: NONE
[2025-03-11 08:49:43.811] [20052] [HailoRT] [info] [multi_io_elements.cpp:756] [create] Created (AsyncHwEl)
[2025-03-11 08:49:43.818] [20052] [HailoRT] [info] [queue_elements.cpp:450] [create] Created (EntryPushQEl0yolov8s/input_layer1 | timeout: 10s)
[2025-03-11 08:49:43.818] [20052] [HailoRT] [info] [filter_elements.cpp:101] [create] Created (PreInferEl3yolov8s/input_layer1 | Reorder - src_order: RGB4, src_shape: (640, 640, 3), dst_order: NHCW, dst_shape: (640, 640, 3))
[2025-03-11 08:49:43.818] [20052] [HailoRT] [info] [queue_elements.cpp:450] [create] Created (PushQEl3yolov8s/input_layer1 | timeout: 10s)
[2025-03-11 08:49:43.818] [20052] [HailoRT] [info] [multi_io_elements.cpp:135] [create] Created (NmsPPMuxEl0YOLOV8-Post-Process | Op YOLOV8, Name: YOLOV8-Post-Process, Score threshold: 0.300, IoU threshold: 0.45, Classes: 80, Cross classes: false, NMS results order: BY_CLASS, Max bboxes per class: 100, Image height: 640, Image width: 640)
[2025-03-11 08:49:43.819] [20052] [HailoRT] [info] [queue_elements.cpp:942] [create] Created (MultiPushQEl0YOLOV8-Post-Process | timeout: 10s)
[2025-03-11 08:49:43.819] [20052] [HailoRT] [info] [edge_elements.cpp:187] [create] Created (LastAsyncEl0NmsPPMuxEl0YOLOV8-Post-Process)
[2025-03-11 08:49:43.819] [20052] [HailoRT] [info] [pipeline.cpp:891] [print_deep_description] EntryPushQEl0yolov8s/input_layer1 | inputs: user | outputs: PreInferEl3yolov8s/input_layer1(running in thread_id: 20102)
[2025-03-11 08:49:43.822] [20052] [HailoRT] [info] [pipeline.cpp:891] [print_deep_description] PreInferEl3yolov8s/input_layer1 | inputs: EntryPushQEl0yolov8s/input_layer1[0] | outputs: PushQEl3yolov8s/input_layer1
[2025-03-11 08:49:43.822] [20052] [HailoRT] [info] [pipeline.cpp:891] [print_deep_description] PushQEl3yolov8s/input_layer1 | inputs: PreInferEl3yolov8s/input_layer1[0] | outputs: AsyncHwEl(running in thread_id: 20103)
[2025-03-11 08:49:43.822] [20052] [HailoRT] [info] [pipeline.cpp:891] [print_deep_description] AsyncHwEl | inputs: PushQEl3yolov8s/input_layer1[0] | outputs: MultiPushQEl0YOLOV8-Post-Process MultiPushQEl0YOLOV8-Post-Process MultiPushQEl0YOLOV8-Post-Process MultiPushQEl0YOLOV8-Post-Process MultiPushQEl0YOLOV8-Post-Process MultiPushQEl0YOLOV8-Post-Process
[2025-03-11 08:49:43.822] [20052] [HailoRT] [info] [pipeline.cpp:891] [print_deep_description] MultiPushQEl0YOLOV8-Post-Process | inputs: AsyncHwEl[0] AsyncHwEl[1] AsyncHwEl[2] AsyncHwEl[3] AsyncHwEl[4] AsyncHwEl[5] | outputs: NmsPPMuxEl0YOLOV8-Post-Process(running in thread_id: 20104)
[2025-03-11 08:49:43.822] [20052] [HailoRT] [info] [pipeline.cpp:891] [print_deep_description] NmsPPMuxEl0YOLOV8-Post-Process | inputs: MultiPushQEl0YOLOV8-Post-Process[0] | outputs: LastAsyncEl0NmsPPMuxEl0YOLOV8-Post-Process
[2025-03-11 08:49:43.822] [20052] [HailoRT] [info] [pipeline.cpp:891] [print_deep_description] LastAsyncEl0NmsPPMuxEl0YOLOV8-Post-Process | inputs: NmsPPMuxEl0YOLOV8-Post-Process[0] | outputs: user
[2025-03-11 08:49:46.270] [20092] [HailoRT] [info] [hef.cpp:1929] [get_network_group_and_network_name] No name was given. Addressing all networks of default network_group: yolov8s
[2025-03-11 08:50:17.027] [20052] [HailoRT] [info] [async_infer_runner.cpp:86] [shutdown] Pipeline was aborted. Shutting it down
[2025-03-11 08:50:17.027] [20052] [HailoRT] [info] [queue_elements.cpp:1131] [execute_deactivate] enqueue() in element MultiPushQEl0YOLOV8-Post-Process was aborted, got status = HAILO_SHUTDOWN_EVENT_SIGNALED(57)
[2025-03-11 08:50:17.027] [20052] [HailoRT] [info] [queue_elements.cpp:1131] [execute_deactivate] enqueue() in element MultiPushQEl0YOLOV8-Post-Process was aborted, got status = HAILO_SHUTDOWN_EVENT_SIGNALED(57)
[2025-03-11 08:50:17.027] [20052] [HailoRT] [info] [queue_elements.cpp:1131] [execute_deactivate] enqueue() in element MultiPushQEl0YOLOV8-Post-Process was aborted, got status = HAILO_SHUTDOWN_EVENT_SIGNALED(57)
[2025-03-11 08:50:17.027] [20052] [HailoRT] [info] [queue_elements.cpp:1131] [execute_deactivate] enqueue() in element MultiPushQEl0YOLOV8-Post-Process was aborted, got status = HAILO_SHUTDOWN_EVENT_SIGNALED(57)
[2025-03-11 08:50:17.027] [20052] [HailoRT] [info] [queue_elements.cpp:1131] [execute_deactivate] enqueue() in element MultiPushQEl0YOLOV8-Post-Process was aborted, got status = HAILO_SHUTDOWN_EVENT_SIGNALED(57)
[2025-03-11 08:50:17.027] [20052] [HailoRT] [info] [queue_elements.cpp:1131] [execute_deactivate] enqueue() in element MultiPushQEl0YOLOV8-Post-Process was aborted, got status = HAILO_SHUTDOWN_EVENT_SIGNALED(57)
[2025-03-11 08:50:17.027] [20052] [HailoRT] [info] [queue_elements.cpp:570] [execute_deactivate] enqueue() in element PushQEl3yolov8s/input_layer1 was aborted, got status = HAILO_SHUTDOWN_EVENT_SIGNALED(57)
[2025-03-11 08:50:17.027] [20052] [HailoRT] [info] [queue_elements.cpp:570] [execute_deactivate] enqueue() in element EntryPushQEl0yolov8s/input_layer1 was aborted, got status = HAILO_SHUTDOWN_EVENT_SIGNALED(57)
[2025-03-11 08:50:17.027] [20052] [HailoRT] [info] [queue_elements.cpp:46] [~BaseQueueElement] Queue element EntryPushQEl0yolov8s/input_layer1 has 0 frames in his Queue on destruction
[2025-03-11 08:50:17.027] [20052] [HailoRT] [info] [queue_elements.cpp:46] [~BaseQueueElement] Queue element PushQEl3yolov8s/input_layer1 has 0 frames in his Queue on destruction
[2025-03-11 17:17:48.845] [4902] [HailoRT] [info] [device.cpp:49] [Device] OS Version: Linux 6.6.74+rpt-rpi-2712 #1 SMP PREEMPT Debian 1:6.6.74-1+rpt1 (2025-01-27) aarch64
[2025-03-11 17:17:48.852] [4902] [HailoRT] [info] [control.cpp:108] [control__parse_identify_results] firmware_version is: 4.20.0
[2025-03-11 17:17:48.853] [4902] [HailoRT] [info] [control.cpp:108] [control__parse_identify_results] firmware_version is: 4.20.0
[2025-03-11 17:17:49.616] [4899] [HailoRT] [info] [vdevice.cpp:523] [create] Creating vdevice with params: device_count: 1, scheduling_algorithm: ROUND_ROBIN, multi_process_service: false
[2025-03-11 17:17:49.631] [4899] [HailoRT] [info] [device.cpp:49] [Device] OS Version: Linux 6.6.74+rpt-rpi-2712 #1 SMP PREEMPT Debian 1:6.6.74-1+rpt1 (2025-01-27) aarch64
[2025-03-11 17:17:49.632] [4899] [HailoRT] [info] [control.cpp:108] [control__parse_identify_results] firmware_version is: 4.20.0
[2025-03-11 17:17:49.634] [4899] [HailoRT] [info] [vdevice.cpp:651] [create] VDevice Infos: 0000:01:00.0
[2025-03-11 17:17:50.326] [4899] [HailoRT] [info] [hef.cpp:1929] [get_network_group_and_network_name] No name was given. Addressing all networks of default network_group: yolov8s
[2025-03-11 17:17:50.326] [4899] [HailoRT] [info] [hef.cpp:1929] [get_network_group_and_network_name] No name was given. Addressing all networks of default network_group: yolov8s
[2025-03-11 17:17:50.384] [4899] [HailoRT] [info] [internal_buffer_manager.cpp:204] [print_execution_results] Planned internal buffer memory: CMA memory 0, user memory 4551168. memory to edge layer usage factor is 1
[2025-03-11 17:17:50.384] [4899] [HailoRT] [info] [internal_buffer_manager.cpp:212] [print_execution_results] Default Internal buffer planner executed successfully
[2025-03-11 17:17:50.400] [4899] [HailoRT] [info] [device_internal.cpp:57] [configure] Configuring HEF took 29.311953 milliseconds
[2025-03-11 17:17:50.400] [4899] [HailoRT] [info] [vdevice.cpp:749] [configure] Configuring HEF on VDevice took 30.017468 milliseconds
[2025-03-11 17:17:50.400] [4899] [HailoRT] [info] [infer_model.cpp:436] [configure] Configuring network group 'yolov8s' with params: batch size: 2, power mode: PERFORMANCE, latency: NONE
[2025-03-11 17:17:50.404] [4899] [HailoRT] [info] [multi_io_elements.cpp:756] [create] Created (AsyncHwEl)
[2025-03-11 17:17:50.423] [4899] [HailoRT] [info] [queue_elements.cpp:450] [create] Created (EntryPushQEl0yolov8s/input_layer1 | timeout: 10s)
[2025-03-11 17:17:50.423] [4899] [HailoRT] [info] [filter_elements.cpp:101] [create] Created (PreInferEl3yolov8s/input_layer1 | Reorder - src_order: RGB4, src_shape: (640, 640, 3), dst_order: NHCW, dst_shape: (640, 640, 3))
[2025-03-11 17:17:50.423] [4899] [HailoRT] [info] [queue_elements.cpp:450] [create] Created (PushQEl3yolov8s/input_layer1 | timeout: 10s)
[2025-03-11 17:17:50.423] [4899] [HailoRT] [info] [multi_io_elements.cpp:135] [create] Created (NmsPPMuxEl0YOLOV8-Post-Process | Op YOLOV8, Name: YOLOV8-Post-Process, Score threshold: 0.300, IoU threshold: 0.45, Classes: 80, Cross classes: false, NMS results order: BY_CLASS, Max bboxes per class: 100, Image height: 640, Image width: 640)
[2025-03-11 17:17:50.423] [4899] [HailoRT] [info] [queue_elements.cpp:942] [create] Created (MultiPushQEl0YOLOV8-Post-Process | timeout: 10s)
[2025-03-11 17:17:50.423] [4899] [HailoRT] [info] [edge_elements.cpp:187] [create] Created (LastAsyncEl0NmsPPMuxEl0YOLOV8-Post-Process)
[2025-03-11 17:17:50.423] [4899] [HailoRT] [info] [pipeline.cpp:891] [print_deep_description] EntryPushQEl0yolov8s/input_layer1 | inputs: user | outputs: PreInferEl3yolov8s/input_layer1(running in thread_id: 4940)
[2025-03-11 17:17:50.425] [4899] [HailoRT] [info] [pipeline.cpp:891] [print_deep_description] PreInferEl3yolov8s/input_layer1 | inputs: EntryPushQEl0yolov8s/input_layer1[0] | outputs: PushQEl3yolov8s/input_layer1
[2025-03-11 17:17:50.425] [4899] [HailoRT] [info] [pipeline.cpp:891] [print_deep_description] PushQEl3yolov8s/input_layer1 | inputs: PreInferEl3yolov8s/input_layer1[0] | outputs: AsyncHwEl(running in thread_id: 4941)
[2025-03-11 17:17:50.425] [4899] [HailoRT] [info] [pipeline.cpp:891] [print_deep_description] AsyncHwEl | inputs: PushQEl3yolov8s/input_layer1[0] | outputs: MultiPushQEl0YOLOV8-Post-Process MultiPushQEl0YOLOV8-Post-Process MultiPushQEl0YOLOV8-Post-Process MultiPushQEl0YOLOV8-Post-Process MultiPushQEl0YOLOV8-Post-Process MultiPushQEl0YOLOV8-Post-Process
[2025-03-11 17:17:50.425] [4899] [HailoRT] [info] [pipeline.cpp:891] [print_deep_description] MultiPushQEl0YOLOV8-Post-Process | inputs: AsyncHwEl[0] AsyncHwEl[1] AsyncHwEl[2] AsyncHwEl[3] AsyncHwEl[4] AsyncHwEl[5] | outputs: NmsPPMuxEl0YOLOV8-Post-Process(running in thread_id: 4942)
[2025-03-11 17:17:50.425] [4899] [HailoRT] [info] [pipeline.cpp:891] [print_deep_description] NmsPPMuxEl0YOLOV8-Post-Process | inputs: MultiPushQEl0YOLOV8-Post-Process[0] | outputs: LastAsyncEl0NmsPPMuxEl0YOLOV8-Post-Process
[2025-03-11 17:17:50.425] [4899] [HailoRT] [info] [pipeline.cpp:891] [print_deep_description] LastAsyncEl0NmsPPMuxEl0YOLOV8-Post-Process | inputs: NmsPPMuxEl0YOLOV8-Post-Process[0] | outputs: user
[2025-03-11 17:18:04.339] [4930] [HailoRT] [info] [hef.cpp:1929] [get_network_group_and_network_name] No name was given. Addressing all networks of default network_group: yolov8s
[2025-03-11 17:18:16.679] [4899] [HailoRT] [info] [async_infer_runner.cpp:86] [shutdown] Pipeline was aborted. Shutting it down
[2025-03-11 17:18:16.679] [4899] [HailoRT] [info] [queue_elements.cpp:1131] [execute_deactivate] enqueue() in element MultiPushQEl0YOLOV8-Post-Process was aborted, got status = HAILO_SHUTDOWN_EVENT_SIGNALED(57)
[2025-03-11 17:18:16.679] [4899] [HailoRT] [info] [queue_elements.cpp:1131] [execute_deactivate] enqueue() in element MultiPushQEl0YOLOV8-Post-Process was aborted, got status = HAILO_SHUTDOWN_EVENT_SIGNALED(57)
[2025-03-11 17:18:16.679] [4899] [HailoRT] [info] [queue_elements.cpp:1131] [execute_deactivate] enqueue() in element MultiPushQEl0YOLOV8-Post-Process was aborted, got status = HAILO_SHUTDOWN_EVENT_SIGNALED(57)
[2025-03-11 17:18:16.679] [4899] [HailoRT] [info] [queue_elements.cpp:1131] [execute_deactivate] enqueue() in element MultiPushQEl0YOLOV8-Post-Process was aborted, got status = HAILO_SHUTDOWN_EVENT_SIGNALED(57)
[2025-03-11 17:18:16.679] [4899] [HailoRT] [info] [queue_elements.cpp:1131] [execute_deactivate] enqueue() in element MultiPushQEl0YOLOV8-Post-Process was aborted, got status = HAILO_SHUTDOWN_EVENT_SIGNALED(57)
[2025-03-11 17:18:16.679] [4899] [HailoRT] [info] [queue_elements.cpp:1131] [execute_deactivate] enqueue() in element MultiPushQEl0YOLOV8-Post-Process was aborted, got status = HAILO_SHUTDOWN_EVENT_SIGNALED(57)
[2025-03-11 17:18:16.679] [4899] [HailoRT] [info] [queue_elements.cpp:570] [execute_deactivate] enqueue() in element PushQEl3yolov8s/input_layer1 was aborted, got status = HAILO_SHUTDOWN_EVENT_SIGNALED(57)
[2025-03-11 17:18:16.679] [4899] [HailoRT] [info] [queue_elements.cpp:570] [execute_deactivate] enqueue() in element EntryPushQEl0yolov8s/input_layer1 was aborted, got status = HAILO_SHUTDOWN_EVENT_SIGNALED(57)
[2025-03-11 17:18:16.679] [4899] [HailoRT] [info] [queue_elements.cpp:46] [~BaseQueueElement] Queue element EntryPushQEl0yolov8s/input_layer1 has 0 frames in his Queue on destruction
[2025-03-11 17:18:16.679] [4899] [HailoRT] [info] [queue_elements.cpp:46] [~BaseQueueElement] Queue element PushQEl3yolov8s/input_layer1 has 0 frames in his Queue on destruction
[2025-03-12 13:47:26.677] [5197] [HailoRT] [info] [device.cpp:49] [Device] OS Version: Linux 6.6.74+rpt-rpi-2712 #1 SMP PREEMPT Debian 1:6.6.74-1+rpt1 (2025-01-27) aarch64
[2025-03-12 13:47:26.680] [5197] [HailoRT] [info] [control.cpp:108] [control__parse_identify_results] firmware_version is: 4.20.0
[2025-03-12 13:47:26.681] [5197] [HailoRT] [info] [control.cpp:108] [control__parse_identify_results] firmware_version is: 4.20.0
[2025-03-12 13:58:18.670] [5306] [HailoRT] [info] [device.cpp:49] [Device] OS Version: Linux 6.6.74+rpt-rpi-2712 #1 SMP PREEMPT Debian 1:6.6.74-1+rpt1 (2025-01-27) aarch64
[2025-03-12 13:58:18.672] [5306] [HailoRT] [info] [control.cpp:108] [control__parse_identify_results] firmware_version is: 4.20.0
[2025-03-12 13:58:18.673] [5306] [HailoRT] [info] [control.cpp:108] [control__parse_identify_results] firmware_version is: 4.20.0
[2025-03-12 14:03:18.307] [5345] [HailoRT] [info] [device.cpp:49] [Device] OS Version: Linux 6.6.74+rpt-rpi-2712 #1 SMP PREEMPT Debian 1:6.6.74-1+rpt1 (2025-01-27) aarch64
[2025-03-12 14:03:18.308] [5345] [HailoRT] [info] [control.cpp:108] [control__parse_identify_results] firmware_version is: 4.20.0
[2025-03-12 14:03:18.309] [5345] [HailoRT] [info] [control.cpp:108] [control__parse_identify_results] firmware_version is: 4.20.0
[2025-03-12 14:03:18.380] [5342] [HailoRT] [info] [vdevice.cpp:523] [create] Creating vdevice with params: device_count: 1, scheduling_algorithm: ROUND_ROBIN, multi_process_service: false
[2025-03-12 14:03:18.391] [5342] [HailoRT] [info] [device.cpp:49] [Device] OS Version: Linux 6.6.74+rpt-rpi-2712 #1 SMP PREEMPT Debian 1:6.6.74-1+rpt1 (2025-01-27) aarch64
[2025-03-12 14:03:18.393] [5342] [HailoRT] [info] [control.cpp:108] [control__parse_identify_results] firmware_version is: 4.20.0
[2025-03-12 14:03:18.393] [5342] [HailoRT] [info] [vdevice.cpp:651] [create] VDevice Infos: 0000:01:00.0
[2025-03-12 14:03:18.592] [5342] [HailoRT] [info] [hef.cpp:1929] [get_network_group_and_network_name] No name was given. Addressing all networks of default network_group: yolov8s
[2025-03-12 14:03:18.592] [5342] [HailoRT] [info] [hef.cpp:1929] [get_network_group_and_network_name] No name was given. Addressing all networks of default network_group: yolov8s
[2025-03-12 14:05:09.339] [5411] [HailoRT] [info] [device.cpp:49] [Device] OS Version: Linux 6.6.74+rpt-rpi-2712 #1 SMP PREEMPT Debian 1:6.6.74-1+rpt1 (2025-01-27) aarch64
[2025-03-12 14:05:09.340] [5411] [HailoRT] [info] [control.cpp:108] [control__parse_identify_results] firmware_version is: 4.20.0
[2025-03-12 14:05:09.342] [5411] [HailoRT] [info] [control.cpp:108] [control__parse_identify_results] firmware_version is: 4.20.0
[2025-03-12 14:05:09.408] [5408] [HailoRT] [info] [vdevice.cpp:523] [create] Creating vdevice with params: device_count: 1, scheduling_algorithm: ROUND_ROBIN, multi_process_service: false
[2025-03-12 14:05:09.419] [5408] [HailoRT] [info] [device.cpp:49] [Device] OS Version: Linux 6.6.74+rpt-rpi-2712 #1 SMP PREEMPT Debian 1:6.6.74-1+rpt1 (2025-01-27) aarch64
[2025-03-12 14:05:09.421] [5408] [HailoRT] [info] [control.cpp:108] [control__parse_identify_results] firmware_version is: 4.20.0
[2025-03-12 14:05:09.421] [5408] [HailoRT] [info] [vdevice.cpp:651] [create] VDevice Infos: 0000:01:00.0
[2025-03-12 14:05:09.613] [5408] [HailoRT] [info] [hef.cpp:1929] [get_network_group_and_network_name] No name was given. Addressing all networks of default network_group: yolov8s
[2025-03-12 14:05:09.613] [5408] [HailoRT] [info] [hef.cpp:1929] [get_network_group_and_network_name] No name was given. Addressing all networks of default network_group: yolov8s
[2025-03-12 14:11:33.751] [5547] [HailoRT] [info] [device.cpp:49] [Device] OS Version: Linux 6.6.74+rpt-rpi-2712 #1 SMP PREEMPT Debian 1:6.6.74-1+rpt1 (2025-01-27) aarch64
[2025-03-12 14:11:33.752] [5547] [HailoRT] [info] [control.cpp:108] [control__parse_identify_results] firmware_version is: 4.20.0
[2025-03-12 14:11:33.753] [5547] [HailoRT] [info] [control.cpp:108] [control__parse_identify_results] firmware_version is: 4.20.0
[2025-03-12 14:13:37.275] [5609] [HailoRT] [info] [device.cpp:49] [Device] OS Version: Linux 6.6.74+rpt-rpi-2712 #1 SMP PREEMPT Debian 1:6.6.74-1+rpt1 (2025-01-27) aarch64
[2025-03-12 14:13:37.276] [5609] [HailoRT] [info] [control.cpp:108] [control__parse_identify_results] firmware_version is: 4.20.0
[2025-03-12 14:13:37.277] [5609] [HailoRT] [info] [control.cpp:108] [control__parse_identify_results] firmware_version is: 4.20.0
[2025-03-12 14:14:40.639] [5628] [HailoRT] [info] [device.cpp:49] [Device] OS Version: Linux 6.6.74+rpt-rpi-2712 #1 SMP PREEMPT Debian 1:6.6.74-1+rpt1 (2025-01-27) aarch64
[2025-03-12 14:14:40.640] [5628] [HailoRT] [info] [control.cpp:108] [control__parse_identify_results] firmware_version is: 4.20.0
[2025-03-12 14:14:40.641] [5628] [HailoRT] [info] [control.cpp:108] [control__parse_identify_results] firmware_version is: 4.20.0
[2025-03-12 14:17:16.287] [6078] [HailoRT] [info] [device.cpp:49] [Device] OS Version: Linux 6.6.74+rpt-rpi-2712 #1 SMP PREEMPT Debian 1:6.6.74-1+rpt1 (2025-01-27) aarch64
[2025-03-12 14:17:16.288] [6078] [HailoRT] [info] [control.cpp:108] [control__parse_identify_results] firmware_version is: 4.20.0
[2025-03-12 14:17:16.289] [6078] [HailoRT] [info] [control.cpp:108] [control__parse_identify_results] firmware_version is: 4.20.0
[2025-03-12 14:23:35.658] [6209] [HailoRT] [info] [device.cpp:49] [Device] OS Version: Linux 6.6.74+rpt-rpi-2712 #1 SMP PREEMPT Debian 1:6.6.74-1+rpt1 (2025-01-27) aarch64
[2025-03-12 14:23:35.659] [6209] [HailoRT] [info] [control.cpp:108] [control__parse_identify_results] firmware_version is: 4.20.0
[2025-03-12 14:23:35.660] [6209] [HailoRT] [info] [control.cpp:108] [control__parse_identify_results] firmware_version is: 4.20.0
[2025-03-12 14:26:41.111] [6895] [HailoRT] [info] [device.cpp:49] [Device] OS Version: Linux 6.6.74+rpt-rpi-2712 #1 SMP PREEMPT Debian 1:6.6.74-1+rpt1 (2025-01-27) aarch64
[2025-03-12 14:26:41.112] [6895] [HailoRT] [info] [control.cpp:108] [control__parse_identify_results] firmware_version is: 4.20.0
[2025-03-12 14:26:41.113] [6895] [HailoRT] [info] [control.cpp:108] [control__parse_identify_results] firmware_version is: 4.20.0
[2025-03-12 14:27:02.023] [6912] [HailoRT] [info] [device.cpp:49] [Device] OS Version: Linux 6.6.74+rpt-rpi-2712 #1 SMP PREEMPT Debian 1:6.6.74-1+rpt1 (2025-01-27) aarch64
[2025-03-12 14:27:02.024] [6912] [HailoRT] [info] [control.cpp:108] [control__parse_identify_results] firmware_version is: 4.20.0
[2025-03-12 14:27:02.025] [6912] [HailoRT] [info] [control.cpp:108] [control__parse_identify_results] firmware_version is: 4.20.0
[2025-03-12 14:44:47.718] [7121] [HailoRT] [info] [device.cpp:49] [Device] OS Version: Linux 6.6.74+rpt-rpi-2712 #1 SMP PREEMPT Debian 1:6.6.74-1+rpt1 (2025-01-27) aarch64
[2025-03-12 14:44:47.720] [7121] [HailoRT] [info] [control.cpp:108] [control__parse_identify_results] firmware_version is: 4.20.0
[2025-03-12 14:44:47.721] [7121] [HailoRT] [info] [control.cpp:108] [control__parse_identify_results] firmware_version is: 4.20.0
[2025-03-12 14:49:24.307] [7733] [HailoRT] [info] [device.cpp:49] [Device] OS Version: Linux 6.6.74+rpt-rpi-2712 #1 SMP PREEMPT Debian 1:6.6.74-1+rpt1 (2025-01-27) aarch64
[2025-03-12 14:49:24.308] [7733] [HailoRT] [info] [control.cpp:108] [control__parse_identify_results] firmware_version is: 4.20.0
[2025-03-12 14:49:24.309] [7733] [HailoRT] [info] [control.cpp:108] [control__parse_identify_results] firmware_version is: 4.20.0
[2025-03-12 14:56:21.202] [7794] [HailoRT] [info] [device.cpp:49] [Device] OS Version: Linux 6.6.74+rpt-rpi-2712 #1 SMP PREEMPT Debian 1:6.6.74-1+rpt1 (2025-01-27) aarch64
[2025-03-12 14:56:21.205] [7794] [HailoRT] [info] [control.cpp:108] [control__parse_identify_results] firmware_version is: 4.20.0
[2025-03-12 14:56:21.207] [7794] [HailoRT] [info] [control.cpp:108] [control__parse_identify_results] firmware_version is: 4.20.0
[2025-03-12 14:56:54.119] [7811] [HailoRT] [info] [device.cpp:49] [Device] OS Version: Linux 6.6.74+rpt-rpi-2712 #1 SMP PREEMPT Debian 1:6.6.74-1+rpt1 (2025-01-27) aarch64
[2025-03-12 14:56:54.121] [7811] [HailoRT] [info] [control.cpp:108] [control__parse_identify_results] firmware_version is: 4.20.0
[2025-03-12 14:56:54.124] [7811] [HailoRT] [info] [control.cpp:108] [control__parse_identify_results] firmware_version is: 4.20.0
[2025-03-12 16:42:10.231] [8423] [HailoRT] [info] [device.cpp:49] [Device] OS Version: Linux 6.6.74+rpt-rpi-2712 #1 SMP PREEMPT Debian 1:6.6.74-1+rpt1 (2025-01-27) aarch64
[2025-03-12 16:42:10.232] [8423] [HailoRT] [info] [control.cpp:108] [control__parse_identify_results] firmware_version is: 4.20.0
[2025-03-12 16:42:10.233] [8423] [HailoRT] [info] [control.cpp:108] [control__parse_identify_results] firmware_version is: 4.20.0
[2025-03-12 16:43:14.143] [8442] [HailoRT] [info] [device.cpp:49] [Device] OS Version: Linux 6.6.74+rpt-rpi-2712 #1 SMP PREEMPT Debian 1:6.6.74-1+rpt1 (2025-01-27) aarch64
[2025-03-12 16:43:14.146] [8442] [HailoRT] [info] [control.cpp:108] [control__parse_identify_results] firmware_version is: 4.20.0
[2025-03-12 16:43:14.149] [8442] [HailoRT] [info] [control.cpp:108] [control__parse_identify_results] firmware_version is: 4.20.0
[2025-03-12 16:46:37.351] [8508] [HailoRT] [info] [device.cpp:49] [Device] OS Version: Linux 6.6.74+rpt-rpi-2712 #1 SMP PREEMPT Debian 1:6.6.74-1+rpt1 (2025-01-27) aarch64
[2025-03-12 16:46:37.353] [8508] [HailoRT] [info] [control.cpp:108] [control__parse_identify_results] firmware_version is: 4.20.0
[2025-03-12 16:46:37.356] [8508] [HailoRT] [info] [control.cpp:108] [control__parse_identify_results] firmware_version is: 4.20.0
[2025-03-12 16:46:37.435] [8505] [HailoRT] [info] [vdevice.cpp:523] [create] Creating vdevice with params: device_count: 1, scheduling_algorithm: ROUND_ROBIN, multi_process_service: false
[2025-03-12 16:46:37.447] [8505] [HailoRT] [info] [device.cpp:49] [Device] OS Version: Linux 6.6.74+rpt-rpi-2712 #1 SMP PREEMPT Debian 1:6.6.74-1+rpt1 (2025-01-27) aarch64
[2025-03-12 16:46:37.450] [8505] [HailoRT] [info] [control.cpp:108] [control__parse_identify_results] firmware_version is: 4.20.0
[2025-03-12 16:46:37.450] [8505] [HailoRT] [info] [vdevice.cpp:651] [create] VDevice Infos: 0000:01:00.0
[2025-03-12 16:46:37.641] [8505] [HailoRT] [info] [hef.cpp:1929] [get_network_group_and_network_name] No name was given. Addressing all networks of default network_group: yolov8s
[2025-03-12 16:46:37.641] [8505] [HailoRT] [info] [hef.cpp:1929] [get_network_group_and_network_name] No name was given. Addressing all networks of default network_group: yolov8s
[2025-03-12 16:46:48.189] [8540] [HailoRT] [info] [internal_buffer_manager.cpp:204] [print_execution_results] Planned internal buffer memory: CMA memory 0, user memory 4551168. memory to edge layer usage factor is 1
[2025-03-12 16:46:48.189] [8540] [HailoRT] [info] [internal_buffer_manager.cpp:212] [print_execution_results] Default Internal buffer planner executed successfully
[2025-03-12 16:46:48.213] [8540] [HailoRT] [info] [device_internal.cpp:57] [configure] Configuring HEF took 37.820925 milliseconds
[2025-03-12 16:46:48.214] [8540] [HailoRT] [info] [vdevice.cpp:749] [configure] Configuring HEF on VDevice took 38.727794 milliseconds
[2025-03-12 16:46:48.214] [8540] [HailoRT] [info] [infer_model.cpp:436] [configure] Configuring network group 'yolov8s' with params: batch size: 2, power mode: PERFORMANCE, latency: NONE
[2025-03-12 16:46:48.219] [8540] [HailoRT] [info] [multi_io_elements.cpp:756] [create] Created (AsyncHwEl)
[2025-03-12 16:46:48.220] [8540] [HailoRT] [info] [queue_elements.cpp:450] [create] Created (EntryPushQEl0yolov8s/input_layer1 | timeout: 10s)
[2025-03-12 16:46:48.220] [8540] [HailoRT] [info] [filter_elements.cpp:101] [create] Created (PreInferEl3yolov8s/input_layer1 | Reorder - src_order: RGB4, src_shape: (640, 640, 3), dst_order: NHCW, dst_shape: (640, 640, 3))
[2025-03-12 16:46:48.220] [8540] [HailoRT] [info] [queue_elements.cpp:450] [create] Created (PushQEl3yolov8s/input_layer1 | timeout: 10s)
[2025-03-12 16:46:48.220] [8540] [HailoRT] [info] [multi_io_elements.cpp:135] [create] Created (NmsPPMuxEl0YOLOV8-Post-Process | Op YOLOV8, Name: YOLOV8-Post-Process, Score threshold: 0.300, IoU threshold: 0.45, Classes: 80, Cross classes: false, NMS results order: BY_CLASS, Max bboxes per class: 100, Image height: 640, Image width: 640)
[2025-03-12 16:46:48.220] [8540] [HailoRT] [info] [queue_elements.cpp:942] [create] Created (MultiPushQEl0YOLOV8-Post-Process | timeout: 10s)
[2025-03-12 16:46:48.220] [8540] [HailoRT] [info] [edge_elements.cpp:187] [create] Created (LastAsyncEl0NmsPPMuxEl0YOLOV8-Post-Process)
[2025-03-12 16:46:48.220] [8540] [HailoRT] [info] [pipeline.cpp:891] [print_deep_description] EntryPushQEl0yolov8s/input_layer1 | inputs: user | outputs: PreInferEl3yolov8s/input_layer1(running in thread_id: 8563)
[2025-03-12 16:46:48.221] [8540] [HailoRT] [info] [pipeline.cpp:891] [print_deep_description] PreInferEl3yolov8s/input_layer1 | inputs: EntryPushQEl0yolov8s/input_layer1[0] | outputs: PushQEl3yolov8s/input_layer1
[2025-03-12 16:46:48.221] [8540] [HailoRT] [info] [pipeline.cpp:891] [print_deep_description] PushQEl3yolov8s/input_layer1 | inputs: PreInferEl3yolov8s/input_layer1[0] | outputs: AsyncHwEl(running in thread_id: 8564)
[2025-03-12 16:46:48.221] [8540] [HailoRT] [info] [pipeline.cpp:891] [print_deep_description] AsyncHwEl | inputs: PushQEl3yolov8s/input_layer1[0] | outputs: MultiPushQEl0YOLOV8-Post-Process MultiPushQEl0YOLOV8-Post-Process MultiPushQEl0YOLOV8-Post-Process MultiPushQEl0YOLOV8-Post-Process MultiPushQEl0YOLOV8-Post-Process MultiPushQEl0YOLOV8-Post-Process
[2025-03-12 16:46:48.221] [8540] [HailoRT] [info] [pipeline.cpp:891] [print_deep_description] MultiPushQEl0YOLOV8-Post-Process | inputs: AsyncHwEl[0] AsyncHwEl[1] AsyncHwEl[2] AsyncHwEl[3] AsyncHwEl[4] AsyncHwEl[5] | outputs: NmsPPMuxEl0YOLOV8-Post-Process(running in thread_id: 8565)
[2025-03-12 16:46:48.221] [8540] [HailoRT] [info] [pipeline.cpp:891] [print_deep_description] NmsPPMuxEl0YOLOV8-Post-Process | inputs: MultiPushQEl0YOLOV8-Post-Process[0] | outputs: LastAsyncEl0NmsPPMuxEl0YOLOV8-Post-Process
[2025-03-12 16:46:48.221] [8540] [HailoRT] [info] [pipeline.cpp:891] [print_deep_description] LastAsyncEl0NmsPPMuxEl0YOLOV8-Post-Process | inputs: NmsPPMuxEl0YOLOV8-Post-Process[0] | outputs: user
[2025-03-12 16:46:50.837] [8553] [HailoRT] [info] [hef.cpp:1929] [get_network_group_and_network_name] No name was given. Addressing all networks of default network_group: yolov8s
[2025-03-12 16:51:18.235] [8599] [HailoRT] [info] [device.cpp:49] [Device] OS Version: Linux 6.6.74+rpt-rpi-2712 #1 SMP PREEMPT Debian 1:6.6.74-1+rpt1 (2025-01-27) aarch64
[2025-03-12 16:51:18.239] [8599] [HailoRT] [info] [control.cpp:108] [control__parse_identify_results] firmware_version is: 4.20.0
[2025-03-12 16:51:18.241] [8599] [HailoRT] [info] [control.cpp:108] [control__parse_identify_results] firmware_version is: 4.20.0
[2025-03-12 16:51:18.310] [8596] [HailoRT] [info] [vdevice.cpp:523] [create] Creating vdevice with params: device_count: 1, scheduling_algorithm: ROUND_ROBIN, multi_process_service: false
[2025-03-12 16:51:18.323] [8596] [HailoRT] [info] [device.cpp:49] [Device] OS Version: Linux 6.6.74+rpt-rpi-2712 #1 SMP PREEMPT Debian 1:6.6.74-1+rpt1 (2025-01-27) aarch64
[2025-03-12 16:51:18.325] [8596] [HailoRT] [info] [control.cpp:108] [control__parse_identify_results] firmware_version is: 4.20.0
[2025-03-12 16:51:18.325] [8596] [HailoRT] [info] [vdevice.cpp:651] [create] VDevice Infos: 0000:01:00.0
[2025-03-12 16:51:18.536] [8596] [HailoRT] [info] [hef.cpp:1929] [get_network_group_and_network_name] No name was given. Addressing all networks of default network_group: yolov8s
[2025-03-12 16:51:18.536] [8596] [HailoRT] [info] [hef.cpp:1929] [get_network_group_and_network_name] No name was given. Addressing all networks of default network_group: yolov8s
[2025-03-12 16:51:25.926] [8629] [HailoRT] [info] [internal_buffer_manager.cpp:204] [print_execution_results] Planned internal buffer memory: CMA memory 0, user memory 4551168. memory to edge layer usage factor is 1
[2025-03-12 16:51:25.926] [8629] [HailoRT] [info] [internal_buffer_manager.cpp:212] [print_execution_results] Default Internal buffer planner executed successfully
[2025-03-12 16:51:25.953] [8629] [HailoRT] [info] [device_internal.cpp:57] [configure] Configuring HEF took 36.25673 milliseconds
[2025-03-12 16:51:25.953] [8629] [HailoRT] [info] [vdevice.cpp:749] [configure] Configuring HEF on VDevice took 36.585785 milliseconds
[2025-03-12 16:51:25.953] [8629] [HailoRT] [info] [infer_model.cpp:436] [configure] Configuring network group 'yolov8s' with params: batch size: 2, power mode: PERFORMANCE, latency: NONE
[2025-03-12 16:51:25.953] [8629] [HailoRT] [info] [multi_io_elements.cpp:756] [create] Created (AsyncHwEl)
[2025-03-12 16:51:25.953] [8629] [HailoRT] [info] [queue_elements.cpp:450] [create] Created (EntryPushQEl0yolov8s/input_layer1 | timeout: 10s)
[2025-03-12 16:51:25.953] [8629] [HailoRT] [info] [filter_elements.cpp:101] [create] Created (PreInferEl3yolov8s/input_layer1 | Reorder - src_order: RGB4, src_shape: (640, 640, 3), dst_order: NHCW, dst_shape: (640, 640, 3))
[2025-03-12 16:51:25.954] [8629] [HailoRT] [info] [queue_elements.cpp:450] [create] Created (PushQEl3yolov8s/input_layer1 | timeout: 10s)
[2025-03-12 16:51:25.954] [8629] [HailoRT] [info] [multi_io_elements.cpp:135] [create] Created (NmsPPMuxEl0YOLOV8-Post-Process | Op YOLOV8, Name: YOLOV8-Post-Process, Score threshold: 0.300, IoU threshold: 0.45, Classes: 80, Cross classes: false, NMS results order: BY_CLASS, Max bboxes per class: 100, Image height: 640, Image width: 640)
[2025-03-12 16:51:25.954] [8629] [HailoRT] [info] [queue_elements.cpp:942] [create] Created (MultiPushQEl0YOLOV8-Post-Process | timeout: 10s)
[2025-03-12 16:51:25.954] [8629] [HailoRT] [info] [edge_elements.cpp:187] [create] Created (LastAsyncEl0NmsPPMuxEl0YOLOV8-Post-Process)
[2025-03-12 16:51:25.954] [8629] [HailoRT] [info] [pipeline.cpp:891] [print_deep_description] EntryPushQEl0yolov8s/input_layer1 | inputs: user | outputs: PreInferEl3yolov8s/input_layer1(running in thread_id: 8652)
[2025-03-12 16:51:25.954] [8629] [HailoRT] [info] [pipeline.cpp:891] [print_deep_description] PreInferEl3yolov8s/input_layer1 | inputs: EntryPushQEl0yolov8s/input_layer1[0] | outputs: PushQEl3yolov8s/input_layer1
[2025-03-12 16:51:25.954] [8629] [HailoRT] [info] [pipeline.cpp:891] [print_deep_description] PushQEl3yolov8s/input_layer1 | inputs: PreInferEl3yolov8s/input_layer1[0] | outputs: AsyncHwEl(running in thread_id: 8653)
[2025-03-12 16:51:25.954] [8629] [HailoRT] [info] [pipeline.cpp:891] [print_deep_description] AsyncHwEl | inputs: PushQEl3yolov8s/input_layer1[0] | outputs: MultiPushQEl0YOLOV8-Post-Process MultiPushQEl0YOLOV8-Post-Process MultiPushQEl0YOLOV8-Post-Process MultiPushQEl0YOLOV8-Post-Process MultiPushQEl0YOLOV8-Post-Process MultiPushQEl0YOLOV8-Post-Process
[2025-03-12 16:51:25.954] [8629] [HailoRT] [info] [pipeline.cpp:891] [print_deep_description] MultiPushQEl0YOLOV8-Post-Process | inputs: AsyncHwEl[0] AsyncHwEl[1] AsyncHwEl[2] AsyncHwEl[3] AsyncHwEl[4] AsyncHwEl[5] | outputs: NmsPPMuxEl0YOLOV8-Post-Process(running in thread_id: 8654)
[2025-03-12 16:51:25.954] [8629] [HailoRT] [info] [pipeline.cpp:891] [print_deep_description] NmsPPMuxEl0YOLOV8-Post-Process | inputs: MultiPushQEl0YOLOV8-Post-Process[0] | outputs: LastAsyncEl0NmsPPMuxEl0YOLOV8-Post-Process
[2025-03-12 16:51:25.954] [8629] [HailoRT] [info] [pipeline.cpp:891] [print_deep_description] LastAsyncEl0NmsPPMuxEl0YOLOV8-Post-Process | inputs: NmsPPMuxEl0YOLOV8-Post-Process[0] | outputs: user
[2025-03-12 17:01:44.803] [8738] [HailoRT] [info] [device.cpp:49] [Device] OS Version: Linux 6.6.74+rpt-rpi-2712 #1 SMP PREEMPT Debian 1:6.6.74-1+rpt1 (2025-01-27) aarch64
[2025-03-12 17:01:44.806] [8738] [HailoRT] [info] [control.cpp:108] [control__parse_identify_results] firmware_version is: 4.20.0
[2025-03-12 17:01:44.808] [8738] [HailoRT] [info] [control.cpp:108] [control__parse_identify_results] firmware_version is: 4.20.0
[2025-03-12 17:01:44.875] [8735] [HailoRT] [info] [vdevice.cpp:523] [create] Creating vdevice with params: device_count: 1, scheduling_algorithm: ROUND_ROBIN, multi_process_service: false
[2025-03-12 17:01:44.887] [8735] [HailoRT] [info] [device.cpp:49] [Device] OS Version: Linux 6.6.74+rpt-rpi-2712 #1 SMP PREEMPT Debian 1:6.6.74-1+rpt1 (2025-01-27) aarch64
[2025-03-12 17:01:44.889] [8735] [HailoRT] [info] [control.cpp:108] [control__parse_identify_results] firmware_version is: 4.20.0
[2025-03-12 17:01:44.889] [8735] [HailoRT] [info] [vdevice.cpp:651] [create] VDevice Infos: 0000:01:00.0
[2025-03-12 17:01:45.083] [8735] [HailoRT] [info] [hef.cpp:1929] [get_network_group_and_network_name] No name was given. Addressing all networks of default network_group: yolov8s
[2025-03-12 17:01:45.083] [8735] [HailoRT] [info] [hef.cpp:1929] [get_network_group_and_network_name] No name was given. Addressing all networks of default network_group: yolov8s
[2025-03-12 17:01:54.103] [8770] [HailoRT] [info] [internal_buffer_manager.cpp:204] [print_execution_results] Planned internal buffer memory: CMA memory 0, user memory 4551168. memory to edge layer usage factor is 1
[2025-03-12 17:01:54.103] [8770] [HailoRT] [info] [internal_buffer_manager.cpp:212] [print_execution_results] Default Internal buffer planner executed successfully
[2025-03-12 17:01:54.123] [8770] [HailoRT] [info] [device_internal.cpp:57] [configure] Configuring HEF took 27.831833 milliseconds
[2025-03-12 17:01:54.124] [8770] [HailoRT] [info] [vdevice.cpp:749] [configure] Configuring HEF on VDevice took 28.210313 milliseconds
[2025-03-12 17:01:54.124] [8770] [HailoRT] [info] [infer_model.cpp:436] [configure] Configuring network group 'yolov8s' with params: batch size: 2, power mode: PERFORMANCE, latency: NONE
[2025-03-12 17:01:54.124] [8770] [HailoRT] [info] [multi_io_elements.cpp:756] [create] Created (AsyncHwEl)
[2025-03-12 17:01:54.124] [8770] [HailoRT] [info] [queue_elements.cpp:450] [create] Created (EntryPushQEl0yolov8s/input_layer1 | timeout: 10s)
[2025-03-12 17:01:54.124] [8770] [HailoRT] [info] [filter_elements.cpp:101] [create] Created (PreInferEl3yolov8s/input_layer1 | Reorder - src_order: RGB4, src_shape: (640, 640, 3), dst_order: NHCW, dst_shape: (640, 640, 3))
[2025-03-12 17:01:54.124] [8770] [HailoRT] [info] [queue_elements.cpp:450] [create] Created (PushQEl3yolov8s/input_layer1 | timeout: 10s)
[2025-03-12 17:01:54.124] [8770] [HailoRT] [info] [multi_io_elements.cpp:135] [create] Created (NmsPPMuxEl0YOLOV8-Post-Process | Op YOLOV8, Name: YOLOV8-Post-Process, Score threshold: 0.300, IoU threshold: 0.45, Classes: 80, Cross classes: false, NMS results order: BY_CLASS, Max bboxes per class: 100, Image height: 640, Image width: 640)
[2025-03-12 17:01:54.125] [8770] [HailoRT] [info] [queue_elements.cpp:942] [create] Created (MultiPushQEl0YOLOV8-Post-Process | timeout: 10s)
[2025-03-12 17:01:54.125] [8770] [HailoRT] [info] [edge_elements.cpp:187] [create] Created (LastAsyncEl0NmsPPMuxEl0YOLOV8-Post-Process)
[2025-03-12 17:01:54.125] [8770] [HailoRT] [info] [pipeline.cpp:891] [print_deep_description] EntryPushQEl0yolov8s/input_layer1 | inputs: user | outputs: PreInferEl3yolov8s/input_layer1(running in thread_id: 8793)
[2025-03-12 17:01:54.125] [8770] [HailoRT] [info] [pipeline.cpp:891] [print_deep_description] PreInferEl3yolov8s/input_layer1 | inputs: EntryPushQEl0yolov8s/input_layer1[0] | outputs: PushQEl3yolov8s/input_layer1
[2025-03-12 17:01:54.125] [8770] [HailoRT] [info] [pipeline.cpp:891] [print_deep_description] PushQEl3yolov8s/input_layer1 | inputs: PreInferEl3yolov8s/input_layer1[0] | outputs: AsyncHwEl(running in thread_id: 8794)
[2025-03-12 17:01:54.125] [8770] [HailoRT] [info] [pipeline.cpp:891] [print_deep_description] AsyncHwEl | inputs: PushQEl3yolov8s/input_layer1[0] | outputs: MultiPushQEl0YOLOV8-Post-Process MultiPushQEl0YOLOV8-Post-Process MultiPushQEl0YOLOV8-Post-Process MultiPushQEl0YOLOV8-Post-Process MultiPushQEl0YOLOV8-Post-Process MultiPushQEl0YOLOV8-Post-Process
[2025-03-12 17:01:54.125] [8770] [HailoRT] [info] [pipeline.cpp:891] [print_deep_description] MultiPushQEl0YOLOV8-Post-Process | inputs: AsyncHwEl[0] AsyncHwEl[1] AsyncHwEl[2] AsyncHwEl[3] AsyncHwEl[4] AsyncHwEl[5] | outputs: NmsPPMuxEl0YOLOV8-Post-Process(running in thread_id: 8795)
[2025-03-12 17:01:54.125] [8770] [HailoRT] [info] [pipeline.cpp:891] [print_deep_description] NmsPPMuxEl0YOLOV8-Post-Process | inputs: MultiPushQEl0YOLOV8-Post-Process[0] | outputs: LastAsyncEl0NmsPPMuxEl0YOLOV8-Post-Process
[2025-03-12 17:01:54.125] [8770] [HailoRT] [info] [pipeline.cpp:891] [print_deep_description] LastAsyncEl0NmsPPMuxEl0YOLOV8-Post-Process | inputs: NmsPPMuxEl0YOLOV8-Post-Process[0] | outputs: user
[2025-03-12 17:01:56.736] [8783] [HailoRT] [info] [hef.cpp:1929] [get_network_group_and_network_name] No name was given. Addressing all networks of default network_group: yolov8s
[2025-03-12 17:03:55.047] [8819] [HailoRT] [info] [device.cpp:49] [Device] OS Version: Linux 6.6.74+rpt-rpi-2712 #1 SMP PREEMPT Debian 1:6.6.74-1+rpt1 (2025-01-27) aarch64
[2025-03-12 17:03:55.049] [8819] [HailoRT] [info] [control.cpp:108] [control__parse_identify_results] firmware_version is: 4.20.0
[2025-03-12 17:03:55.051] [8819] [HailoRT] [info] [control.cpp:108] [control__parse_identify_results] firmware_version is: 4.20.0
[2025-03-12 17:03:55.122] [8816] [HailoRT] [info] [vdevice.cpp:523] [create] Creating vdevice with params: device_count: 1, scheduling_algorithm: ROUND_ROBIN, multi_process_service: false
[2025-03-12 17:03:55.135] [8816] [HailoRT] [info] [device.cpp:49] [Device] OS Version: Linux 6.6.74+rpt-rpi-2712 #1 SMP PREEMPT Debian 1:6.6.74-1+rpt1 (2025-01-27) aarch64
[2025-03-12 17:03:55.137] [8816] [HailoRT] [info] [control.cpp:108] [control__parse_identify_results] firmware_version is: 4.20.0
[2025-03-12 17:03:55.137] [8816] [HailoRT] [info] [vdevice.cpp:651] [create] VDevice Infos: 0000:01:00.0
[2025-03-12 17:03:55.332] [8816] [HailoRT] [info] [hef.cpp:1929] [get_network_group_and_network_name] No name was given. Addressing all networks of default network_group: yolov8s
[2025-03-12 17:03:55.332] [8816] [HailoRT] [info] [hef.cpp:1929] [get_network_group_and_network_name] No name was given. Addressing all networks of default network_group: yolov8s
[2025-03-12 17:08:22.542] [8925] [HailoRT] [info] [device.cpp:49] [Device] OS Version: Linux 6.6.74+rpt-rpi-2712 #1 SMP PREEMPT Debian 1:6.6.74-1+rpt1 (2025-01-27) aarch64
[2025-03-12 17:08:22.545] [8925] [HailoRT] [info] [control.cpp:108] [control__parse_identify_results] firmware_version is: 4.20.0
[2025-03-12 17:08:22.547] [8925] [HailoRT] [info] [control.cpp:108] [control__parse_identify_results] firmware_version is: 4.20.0
[2025-03-12 17:08:22.621] [8922] [HailoRT] [info] [vdevice.cpp:523] [create] Creating vdevice with params: device_count: 1, scheduling_algorithm: ROUND_ROBIN, multi_process_service: false
[2025-03-12 17:08:22.633] [8922] [HailoRT] [info] [device.cpp:49] [Device] OS Version: Linux 6.6.74+rpt-rpi-2712 #1 SMP PREEMPT Debian 1:6.6.74-1+rpt1 (2025-01-27) aarch64
[2025-03-12 17:08:22.636] [8922] [HailoRT] [info] [control.cpp:108] [control__parse_identify_results] firmware_version is: 4.20.0
[2025-03-12 17:08:22.636] [8922] [HailoRT] [info] [vdevice.cpp:651] [create] VDevice Infos: 0000:01:00.0
[2025-03-12 17:08:22.838] [8922] [HailoRT] [info] [hef.cpp:1929] [get_network_group_and_network_name] No name was given. Addressing all networks of default network_group: yolov8s
[2025-03-12 17:08:22.838] [8922] [HailoRT] [info] [hef.cpp:1929] [get_network_group_and_network_name] No name was given. Addressing all networks of default network_group: yolov8s
[2025-03-12 17:08:30.785] [8955] [HailoRT] [info] [internal_buffer_manager.cpp:204] [print_execution_results] Planned internal buffer memory: CMA memory 0, user memory 4551168. memory to edge layer usage factor is 1
[2025-03-12 17:08:30.785] [8955] [HailoRT] [info] [internal_buffer_manager.cpp:212] [print_execution_results] Default Internal buffer planner executed successfully
[2025-03-12 17:08:30.814] [8955] [HailoRT] [info] [device_internal.cpp:57] [configure] Configuring HEF took 38.660149 milliseconds
[2025-03-12 17:08:30.814] [8955] [HailoRT] [info] [vdevice.cpp:749] [configure] Configuring HEF on VDevice took 38.994627 milliseconds
[2025-03-12 17:08:30.814] [8955] [HailoRT] [info] [infer_model.cpp:436] [configure] Configuring network group 'yolov8s' with params: batch size: 2, power mode: PERFORMANCE, latency: NONE
[2025-03-12 17:08:30.814] [8955] [HailoRT] [info] [multi_io_elements.cpp:756] [create] Created (AsyncHwEl)
[2025-03-12 17:08:30.814] [8955] [HailoRT] [info] [queue_elements.cpp:450] [create] Created (EntryPushQEl0yolov8s/input_layer1 | timeout: 10s)
[2025-03-12 17:08:30.814] [8955] [HailoRT] [info] [filter_elements.cpp:101] [create] Created (PreInferEl3yolov8s/input_layer1 | Reorder - src_order: RGB4, src_shape: (640, 640, 3), dst_order: NHCW, dst_shape: (640, 640, 3))
[2025-03-12 17:08:30.814] [8955] [HailoRT] [info] [queue_elements.cpp:450] [create] Created (PushQEl3yolov8s/input_layer1 | timeout: 10s)
[2025-03-12 17:08:30.814] [8955] [HailoRT] [info] [multi_io_elements.cpp:135] [create] Created (NmsPPMuxEl0YOLOV8-Post-Process | Op YOLOV8, Name: YOLOV8-Post-Process, Score threshold: 0.300, IoU threshold: 0.45, Classes: 80, Cross classes: false, NMS results order: BY_CLASS, Max bboxes per class: 100, Image height: 640, Image width: 640)
[2025-03-12 17:08:30.815] [8955] [HailoRT] [info] [queue_elements.cpp:942] [create] Created (MultiPushQEl0YOLOV8-Post-Process | timeout: 10s)
[2025-03-12 17:08:30.815] [8955] [HailoRT] [info] [edge_elements.cpp:187] [create] Created (LastAsyncEl0NmsPPMuxEl0YOLOV8-Post-Process)
[2025-03-12 17:08:30.815] [8955] [HailoRT] [info] [pipeline.cpp:891] [print_deep_description] EntryPushQEl0yolov8s/input_layer1 | inputs: user | outputs: PreInferEl3yolov8s/input_layer1(running in thread_id: 8977)
[2025-03-12 17:08:30.815] [8955] [HailoRT] [info] [pipeline.cpp:891] [print_deep_description] PreInferEl3yolov8s/input_layer1 | inputs: EntryPushQEl0yolov8s/input_layer1[0] | outputs: PushQEl3yolov8s/input_layer1
[2025-03-12 17:08:30.815] [8955] [HailoRT] [info] [pipeline.cpp:891] [print_deep_description] PushQEl3yolov8s/input_layer1 | inputs: PreInferEl3yolov8s/input_layer1[0] | outputs: AsyncHwEl(running in thread_id: 8978)
[2025-03-12 17:08:30.815] [8955] [HailoRT] [info] [pipeline.cpp:891] [print_deep_description] AsyncHwEl | inputs: PushQEl3yolov8s/input_layer1[0] | outputs: MultiPushQEl0YOLOV8-Post-Process MultiPushQEl0YOLOV8-Post-Process MultiPushQEl0YOLOV8-Post-Process MultiPushQEl0YOLOV8-Post-Process MultiPushQEl0YOLOV8-Post-Process MultiPushQEl0YOLOV8-Post-Process
[2025-03-12 17:08:30.815] [8955] [HailoRT] [info] [pipeline.cpp:891] [print_deep_description] MultiPushQEl0YOLOV8-Post-Process | inputs: AsyncHwEl[0] AsyncHwEl[1] AsyncHwEl[2] AsyncHwEl[3] AsyncHwEl[4] AsyncHwEl[5] | outputs: NmsPPMuxEl0YOLOV8-Post-Process(running in thread_id: 8979)
[2025-03-12 17:08:30.815] [8955] [HailoRT] [info] [pipeline.cpp:891] [print_deep_description] NmsPPMuxEl0YOLOV8-Post-Process | inputs: MultiPushQEl0YOLOV8-Post-Process[0] | outputs: LastAsyncEl0NmsPPMuxEl0YOLOV8-Post-Process
[2025-03-12 17:08:30.815] [8955] [HailoRT] [info] [pipeline.cpp:891] [print_deep_description] LastAsyncEl0NmsPPMuxEl0YOLOV8-Post-Process | inputs: NmsPPMuxEl0YOLOV8-Post-Process[0] | outputs: user
[2025-03-12 17:09:17.223] [8996] [HailoRT] [info] [device.cpp:49] [Device] OS Version: Linux 6.6.74+rpt-rpi-2712 #1 SMP PREEMPT Debian 1:6.6.74-1+rpt1 (2025-01-27) aarch64
[2025-03-12 17:09:17.225] [8996] [HailoRT] [info] [control.cpp:108] [control__parse_identify_results] firmware_version is: 4.20.0
[2025-03-12 17:09:17.228] [8996] [HailoRT] [info] [control.cpp:108] [control__parse_identify_results] firmware_version is: 4.20.0
[2025-03-12 17:09:17.311] [8993] [HailoRT] [info] [vdevice.cpp:523] [create] Creating vdevice with params: device_count: 1, scheduling_algorithm: ROUND_ROBIN, multi_process_service: false
[2025-03-12 17:09:17.323] [8993] [HailoRT] [info] [device.cpp:49] [Device] OS Version: Linux 6.6.74+rpt-rpi-2712 #1 SMP PREEMPT Debian 1:6.6.74-1+rpt1 (2025-01-27) aarch64
[2025-03-12 17:09:17.326] [8993] [HailoRT] [info] [control.cpp:108] [control__parse_identify_results] firmware_version is: 4.20.0
[2025-03-12 17:09:17.326] [8993] [HailoRT] [info] [vdevice.cpp:651] [create] VDevice Infos: 0000:01:00.0
[2025-03-12 17:09:17.516] [8993] [HailoRT] [info] [hef.cpp:1929] [get_network_group_and_network_name] No name was given. Addressing all networks of default network_group: yolov8s
[2025-03-12 17:09:17.516] [8993] [HailoRT] [info] [hef.cpp:1929] [get_network_group_and_network_name] No name was given. Addressing all networks of default network_group: yolov8s
[2025-03-12 17:09:25.312] [9027] [HailoRT] [info] [internal_buffer_manager.cpp:204] [print_execution_results] Planned internal buffer memory: CMA memory 0, user memory 4551168. memory to edge layer usage factor is 1
[2025-03-12 17:09:25.312] [9027] [HailoRT] [info] [internal_buffer_manager.cpp:212] [print_execution_results] Default Internal buffer planner executed successfully
[2025-03-12 17:09:25.334] [9027] [HailoRT] [info] [device_internal.cpp:57] [configure] Configuring HEF took 31.771496 milliseconds
[2025-03-12 17:09:25.334] [9027] [HailoRT] [info] [vdevice.cpp:749] [configure] Configuring HEF on VDevice took 32.112253 milliseconds
[2025-03-12 17:09:25.334] [9027] [HailoRT] [info] [infer_model.cpp:436] [configure] Configuring network group 'yolov8s' with params: batch size: 2, power mode: PERFORMANCE, latency: NONE
[2025-03-12 17:09:25.334] [9027] [HailoRT] [info] [multi_io_elements.cpp:756] [create] Created (AsyncHwEl)
[2025-03-12 17:09:25.334] [9027] [HailoRT] [info] [queue_elements.cpp:450] [create] Created (EntryPushQEl0yolov8s/input_layer1 | timeout: 10s)
[2025-03-12 17:09:25.334] [9027] [HailoRT] [info] [filter_elements.cpp:101] [create] Created (PreInferEl3yolov8s/input_layer1 | Reorder - src_order: RGB4, src_shape: (640, 640, 3), dst_order: NHCW, dst_shape: (640, 640, 3))
[2025-03-12 17:09:25.334] [9027] [HailoRT] [info] [queue_elements.cpp:450] [create] Created (PushQEl3yolov8s/input_layer1 | timeout: 10s)
[2025-03-12 17:09:25.334] [9027] [HailoRT] [info] [multi_io_elements.cpp:135] [create] Created (NmsPPMuxEl0YOLOV8-Post-Process | Op YOLOV8, Name: YOLOV8-Post-Process, Score threshold: 0.300, IoU threshold: 0.45, Classes: 80, Cross classes: false, NMS results order: BY_CLASS, Max bboxes per class: 100, Image height: 640, Image width: 640)
[2025-03-12 17:09:25.335] [9027] [HailoRT] [info] [queue_elements.cpp:942] [create] Created (MultiPushQEl0YOLOV8-Post-Process | timeout: 10s)
[2025-03-12 17:09:25.335] [9027] [HailoRT] [info] [edge_elements.cpp:187] [create] Created (LastAsyncEl0NmsPPMuxEl0YOLOV8-Post-Process)
[2025-03-12 17:09:25.335] [9027] [HailoRT] [info] [pipeline.cpp:891] [print_deep_description] EntryPushQEl0yolov8s/input_layer1 | inputs: user | outputs: PreInferEl3yolov8s/input_layer1(running in thread_id: 9049)
[2025-03-12 17:09:25.335] [9027] [HailoRT] [info] [pipeline.cpp:891] [print_deep_description] PreInferEl3yolov8s/input_layer1 | inputs: EntryPushQEl0yolov8s/input_layer1[0] | outputs: PushQEl3yolov8s/input_layer1
[2025-03-12 17:09:25.335] [9027] [HailoRT] [info] [pipeline.cpp:891] [print_deep_description] PushQEl3yolov8s/input_layer1 | inputs: PreInferEl3yolov8s/input_layer1[0] | outputs: AsyncHwEl(running in thread_id: 9050)
[2025-03-12 17:09:25.335] [9027] [HailoRT] [info] [pipeline.cpp:891] [print_deep_description] AsyncHwEl | inputs: PushQEl3yolov8s/input_layer1[0] | outputs: MultiPushQEl0YOLOV8-Post-Process MultiPushQEl0YOLOV8-Post-Process MultiPushQEl0YOLOV8-Post-Process MultiPushQEl0YOLOV8-Post-Process MultiPushQEl0YOLOV8-Post-Process MultiPushQEl0YOLOV8-Post-Process
[2025-03-12 17:09:25.335] [9027] [HailoRT] [info] [pipeline.cpp:891] [print_deep_description] MultiPushQEl0YOLOV8-Post-Process | inputs: AsyncHwEl[0] AsyncHwEl[1] AsyncHwEl[2] AsyncHwEl[3] AsyncHwEl[4] AsyncHwEl[5] | outputs: NmsPPMuxEl0YOLOV8-Post-Process(running in thread_id: 9051)
[2025-03-12 17:09:25.335] [9027] [HailoRT] [info] [pipeline.cpp:891] [print_deep_description] NmsPPMuxEl0YOLOV8-Post-Process | inputs: MultiPushQEl0YOLOV8-Post-Process[0] | outputs: LastAsyncEl0NmsPPMuxEl0YOLOV8-Post-Process
[2025-03-12 17:09:25.335] [9027] [HailoRT] [info] [pipeline.cpp:891] [print_deep_description] LastAsyncEl0NmsPPMuxEl0YOLOV8-Post-Process | inputs: NmsPPMuxEl0YOLOV8-Post-Process[0] | outputs: user
[2025-03-12 18:55:20.619] [9694] [HailoRT] [info] [device.cpp:49] [Device] OS Version: Linux 6.6.74+rpt-rpi-2712 #1 SMP PREEMPT Debian 1:6.6.74-1+rpt1 (2025-01-27) aarch64
[2025-03-12 18:55:20.622] [9694] [HailoRT] [info] [control.cpp:108] [control__parse_identify_results] firmware_version is: 4.20.0
[2025-03-12 18:55:20.625] [9694] [HailoRT] [info] [control.cpp:108] [control__parse_identify_results] firmware_version is: 4.20.0
[2025-03-12 18:55:20.685] [9691] [HailoRT] [info] [vdevice.cpp:523] [create] Creating vdevice with params: device_count: 1, scheduling_algorithm: ROUND_ROBIN, multi_process_service: false
[2025-03-12 18:55:20.698] [9691] [HailoRT] [info] [device.cpp:49] [Device] OS Version: Linux 6.6.74+rpt-rpi-2712 #1 SMP PREEMPT Debian 1:6.6.74-1+rpt1 (2025-01-27) aarch64
[2025-03-12 18:55:20.701] [9691] [HailoRT] [info] [control.cpp:108] [control__parse_identify_results] firmware_version is: 4.20.0
[2025-03-12 18:55:20.701] [9691] [HailoRT] [info] [vdevice.cpp:651] [create] VDevice Infos: 0000:01:00.0
[2025-03-12 18:55:20.894] [9691] [HailoRT] [info] [hef.cpp:1929] [get_network_group_and_network_name] No name was given. Addressing all networks of default network_group: yolov8s
[2025-03-12 18:55:20.894] [9691] [HailoRT] [info] [hef.cpp:1929] [get_network_group_and_network_name] No name was given. Addressing all networks of default network_group: yolov8s
[2025-03-12 18:55:44.781] [9715] [HailoRT] [info] [device.cpp:49] [Device] OS Version: Linux 6.6.74+rpt-rpi-2712 #1 SMP PREEMPT Debian 1:6.6.74-1+rpt1 (2025-01-27) aarch64
[2025-03-12 18:55:44.783] [9715] [HailoRT] [info] [control.cpp:108] [control__parse_identify_results] firmware_version is: 4.20.0
[2025-03-12 18:55:44.786] [9715] [HailoRT] [info] [control.cpp:108] [control__parse_identify_results] firmware_version is: 4.20.0
[2025-03-12 18:55:44.849] [9712] [HailoRT] [info] [vdevice.cpp:523] [create] Creating vdevice with params: device_count: 1, scheduling_algorithm: ROUND_ROBIN, multi_process_service: false
[2025-03-12 18:55:44.861] [9712] [HailoRT] [info] [device.cpp:49] [Device] OS Version: Linux 6.6.74+rpt-rpi-2712 #1 SMP PREEMPT Debian 1:6.6.74-1+rpt1 (2025-01-27) aarch64
[2025-03-12 18:55:44.864] [9712] [HailoRT] [info] [control.cpp:108] [control__parse_identify_results] firmware_version is: 4.20.0
[2025-03-12 18:55:44.864] [9712] [HailoRT] [info] [vdevice.cpp:651] [create] VDevice Infos: 0000:01:00.0
[2025-03-12 18:55:45.058] [9712] [HailoRT] [info] [hef.cpp:1929] [get_network_group_and_network_name] No name was given. Addressing all networks of default network_group: yolov8s
[2025-03-12 18:55:45.058] [9712] [HailoRT] [info] [hef.cpp:1929] [get_network_group_and_network_name] No name was given. Addressing all networks of default network_group: yolov8s
[2025-03-12 18:55:45.077] [9712] [HailoRT] [info] [internal_buffer_manager.cpp:204] [print_execution_results] Planned internal buffer memory: CMA memory 0, user memory 4551168. memory to edge layer usage factor is 1
[2025-03-12 18:55:45.077] [9712] [HailoRT] [info] [internal_buffer_manager.cpp:212] [print_execution_results] Default Internal buffer planner executed successfully
[2025-03-12 18:55:45.094] [9712] [HailoRT] [info] [device_internal.cpp:57] [configure] Configuring HEF took 25.716055 milliseconds
[2025-03-12 18:55:45.094] [9712] [HailoRT] [info] [vdevice.cpp:749] [configure] Configuring HEF on VDevice took 26.049252 milliseconds
[2025-03-12 18:55:45.094] [9712] [HailoRT] [info] [infer_model.cpp:436] [configure] Configuring network group 'yolov8s' with params: batch size: 2, power mode: PERFORMANCE, latency: NONE
[2025-03-12 18:55:45.094] [9712] [HailoRT] [info] [multi_io_elements.cpp:756] [create] Created (AsyncHwEl)
[2025-03-12 18:55:45.095] [9712] [HailoRT] [info] [queue_elements.cpp:450] [create] Created (EntryPushQEl0yolov8s/input_layer1 | timeout: 10s)
[2025-03-12 18:55:45.095] [9712] [HailoRT] [info] [filter_elements.cpp:101] [create] Created (PreInferEl3yolov8s/input_layer1 | Reorder - src_order: RGB4, src_shape: (640, 640, 3), dst_order: NHCW, dst_shape: (640, 640, 3))
[2025-03-12 18:55:45.095] [9712] [HailoRT] [info] [queue_elements.cpp:450] [create] Created (PushQEl3yolov8s/input_layer1 | timeout: 10s)
[2025-03-12 18:55:45.095] [9712] [HailoRT] [info] [multi_io_elements.cpp:135] [create] Created (NmsPPMuxEl0YOLOV8-Post-Process | Op YOLOV8, Name: YOLOV8-Post-Process, Score threshold: 0.300, IoU threshold: 0.45, Classes: 80, Cross classes: false, NMS results order: BY_CLASS, Max bboxes per class: 100, Image height: 640, Image width: 640)
[2025-03-12 18:55:45.095] [9712] [HailoRT] [info] [queue_elements.cpp:942] [create] Created (MultiPushQEl0YOLOV8-Post-Process | timeout: 10s)
[2025-03-12 18:55:45.095] [9712] [HailoRT] [info] [edge_elements.cpp:187] [create] Created (LastAsyncEl0NmsPPMuxEl0YOLOV8-Post-Process)
[2025-03-12 18:55:45.095] [9712] [HailoRT] [info] [pipeline.cpp:891] [print_deep_description] EntryPushQEl0yolov8s/input_layer1 | inputs: user | outputs: PreInferEl3yolov8s/input_layer1(running in thread_id: 9751)
[2025-03-12 18:55:45.095] [9712] [HailoRT] [info] [pipeline.cpp:891] [print_deep_description] PreInferEl3yolov8s/input_layer1 | inputs: EntryPushQEl0yolov8s/input_layer1[0] | outputs: PushQEl3yolov8s/input_layer1
[2025-03-12 18:55:45.095] [9712] [HailoRT] [info] [pipeline.cpp:891] [print_deep_description] PushQEl3yolov8s/input_layer1 | inputs: PreInferEl3yolov8s/input_layer1[0] | outputs: AsyncHwEl(running in thread_id: 9752)
[2025-03-12 18:55:45.095] [9712] [HailoRT] [info] [pipeline.cpp:891] [print_deep_description] AsyncHwEl | inputs: PushQEl3yolov8s/input_layer1[0] | outputs: MultiPushQEl0YOLOV8-Post-Process MultiPushQEl0YOLOV8-Post-Process MultiPushQEl0YOLOV8-Post-Process MultiPushQEl0YOLOV8-Post-Process MultiPushQEl0YOLOV8-Post-Process MultiPushQEl0YOLOV8-Post-Process
[2025-03-12 18:55:45.095] [9712] [HailoRT] [info] [pipeline.cpp:891] [print_deep_description] MultiPushQEl0YOLOV8-Post-Process | inputs: AsyncHwEl[0] AsyncHwEl[1] AsyncHwEl[2] AsyncHwEl[3] AsyncHwEl[4] AsyncHwEl[5] | outputs: NmsPPMuxEl0YOLOV8-Post-Process(running in thread_id: 9753)
[2025-03-12 18:55:45.095] [9712] [HailoRT] [info] [pipeline.cpp:891] [print_deep_description] NmsPPMuxEl0YOLOV8-Post-Process | inputs: MultiPushQEl0YOLOV8-Post-Process[0] | outputs: LastAsyncEl0NmsPPMuxEl0YOLOV8-Post-Process
[2025-03-12 18:55:45.095] [9712] [HailoRT] [info] [pipeline.cpp:891] [print_deep_description] LastAsyncEl0NmsPPMuxEl0YOLOV8-Post-Process | inputs: NmsPPMuxEl0YOLOV8-Post-Process[0] | outputs: user
[2025-03-12 18:55:47.516] [9741] [HailoRT] [info] [hef.cpp:1929] [get_network_group_and_network_name] No name was given. Addressing all networks of default network_group: yolov8s
[2025-03-12 19:00:07.994] [9780] [HailoRT] [info] [device.cpp:49] [Device] OS Version: Linux 6.6.74+rpt-rpi-2712 #1 SMP PREEMPT Debian 1:6.6.74-1+rpt1 (2025-01-27) aarch64
[2025-03-12 19:00:07.997] [9780] [HailoRT] [info] [control.cpp:108] [control__parse_identify_results] firmware_version is: 4.20.0
[2025-03-12 19:00:07.999] [9780] [HailoRT] [info] [control.cpp:108] [control__parse_identify_results] firmware_version is: 4.20.0
[2025-03-12 19:00:08.061] [9777] [HailoRT] [info] [vdevice.cpp:523] [create] Creating vdevice with params: device_count: 1, scheduling_algorithm: ROUND_ROBIN, multi_process_service: false
[2025-03-12 19:00:08.074] [9777] [HailoRT] [info] [device.cpp:49] [Device] OS Version: Linux 6.6.74+rpt-rpi-2712 #1 SMP PREEMPT Debian 1:6.6.74-1+rpt1 (2025-01-27) aarch64
[2025-03-12 19:00:08.077] [9777] [HailoRT] [info] [control.cpp:108] [control__parse_identify_results] firmware_version is: 4.20.0
[2025-03-12 19:00:08.077] [9777] [HailoRT] [info] [vdevice.cpp:651] [create] VDevice Infos: 0000:01:00.0
[2025-03-12 19:00:08.282] [9777] [HailoRT] [info] [hef.cpp:1929] [get_network_group_and_network_name] No name was given. Addressing all networks of default network_group: yolov8s
[2025-03-12 19:00:08.282] [9777] [HailoRT] [info] [hef.cpp:1929] [get_network_group_and_network_name] No name was given. Addressing all networks of default network_group: yolov8s
[2025-03-12 19:00:08.302] [9777] [HailoRT] [info] [internal_buffer_manager.cpp:204] [print_execution_results] Planned internal buffer memory: CMA memory 0, user memory 4551168. memory to edge layer usage factor is 1
[2025-03-12 19:00:08.302] [9777] [HailoRT] [info] [internal_buffer_manager.cpp:212] [print_execution_results] Default Internal buffer planner executed successfully
[2025-03-12 19:00:08.324] [9777] [HailoRT] [info] [device_internal.cpp:57] [configure] Configuring HEF took 29.793065 milliseconds
[2025-03-12 19:00:08.324] [9777] [HailoRT] [info] [vdevice.cpp:749] [configure] Configuring HEF on VDevice took 30.192577 milliseconds
[2025-03-12 19:00:08.324] [9777] [HailoRT] [info] [infer_model.cpp:436] [configure] Configuring network group 'yolov8s' with params: batch size: 2, power mode: PERFORMANCE, latency: NONE
[2025-03-12 19:00:08.324] [9777] [HailoRT] [info] [multi_io_elements.cpp:756] [create] Created (AsyncHwEl)
[2025-03-12 19:00:08.324] [9777] [HailoRT] [info] [queue_elements.cpp:450] [create] Created (EntryPushQEl0yolov8s/input_layer1 | timeout: 10s)
[2025-03-12 19:00:08.324] [9777] [HailoRT] [info] [filter_elements.cpp:101] [create] Created (PreInferEl3yolov8s/input_layer1 | Reorder - src_order: RGB4, src_shape: (640, 640, 3), dst_order: NHCW, dst_shape: (640, 640, 3))
[2025-03-12 19:00:08.325] [9777] [HailoRT] [info] [queue_elements.cpp:450] [create] Created (PushQEl3yolov8s/input_layer1 | timeout: 10s)
[2025-03-12 19:00:08.325] [9777] [HailoRT] [info] [multi_io_elements.cpp:135] [create] Created (NmsPPMuxEl0YOLOV8-Post-Process | Op YOLOV8, Name: YOLOV8-Post-Process, Score threshold: 0.300, IoU threshold: 0.45, Classes: 80, Cross classes: false, NMS results order: BY_CLASS, Max bboxes per class: 100, Image height: 640, Image width: 640)
[2025-03-12 19:00:08.325] [9777] [HailoRT] [info] [queue_elements.cpp:942] [create] Created (MultiPushQEl0YOLOV8-Post-Process | timeout: 10s)
[2025-03-12 19:00:08.325] [9777] [HailoRT] [info] [edge_elements.cpp:187] [create] Created (LastAsyncEl0NmsPPMuxEl0YOLOV8-Post-Process)
[2025-03-12 19:00:08.325] [9777] [HailoRT] [info] [pipeline.cpp:891] [print_deep_description] EntryPushQEl0yolov8s/input_layer1 | inputs: user | outputs: PreInferEl3yolov8s/input_layer1(running in thread_id: 9816)
[2025-03-12 19:00:08.325] [9777] [HailoRT] [info] [pipeline.cpp:891] [print_deep_description] PreInferEl3yolov8s/input_layer1 | inputs: EntryPushQEl0yolov8s/input_layer1[0] | outputs: PushQEl3yolov8s/input_layer1
[2025-03-12 19:00:08.325] [9777] [HailoRT] [info] [pipeline.cpp:891] [print_deep_description] PushQEl3yolov8s/input_layer1 | inputs: PreInferEl3yolov8s/input_layer1[0] | outputs: AsyncHwEl(running in thread_id: 9817)
[2025-03-12 19:00:08.325] [9777] [HailoRT] [info] [pipeline.cpp:891] [print_deep_description] AsyncHwEl | inputs: PushQEl3yolov8s/input_layer1[0] | outputs: MultiPushQEl0YOLOV8-Post-Process MultiPushQEl0YOLOV8-Post-Process MultiPushQEl0YOLOV8-Post-Process MultiPushQEl0YOLOV8-Post-Process MultiPushQEl0YOLOV8-Post-Process MultiPushQEl0YOLOV8-Post-Process
[2025-03-12 19:00:08.325] [9777] [HailoRT] [info] [pipeline.cpp:891] [print_deep_description] MultiPushQEl0YOLOV8-Post-Process | inputs: AsyncHwEl[0] AsyncHwEl[1] AsyncHwEl[2] AsyncHwEl[3] AsyncHwEl[4] AsyncHwEl[5] | outputs: NmsPPMuxEl0YOLOV8-Post-Process(running in thread_id: 9818)
[2025-03-12 19:00:08.325] [9777] [HailoRT] [info] [pipeline.cpp:891] [print_deep_description] NmsPPMuxEl0YOLOV8-Post-Process | inputs: MultiPushQEl0YOLOV8-Post-Process[0] | outputs: LastAsyncEl0NmsPPMuxEl0YOLOV8-Post-Process
[2025-03-12 19:00:08.325] [9777] [HailoRT] [info] [pipeline.cpp:891] [print_deep_description] LastAsyncEl0NmsPPMuxEl0YOLOV8-Post-Process | inputs: NmsPPMuxEl0YOLOV8-Post-Process[0] | outputs: user
[2025-03-12 19:00:10.742] [9806] [HailoRT] [info] [hef.cpp:1929] [get_network_group_and_network_name] No name was given. Addressing all networks of default network_group: yolov8s
[2025-03-12 19:00:14.633] [9777] [HailoRT] [info] [async_infer_runner.cpp:86] [shutdown] Pipeline was aborted. Shutting it down
[2025-03-12 19:00:14.634] [9794] [HailoRT] [info] [network_group.cpp:857] [operator()] Infer request was aborted by user
[2025-03-12 19:00:14.634] [9777] [HailoRT] [info] [queue_elements.cpp:1131] [execute_deactivate] enqueue() in element MultiPushQEl0YOLOV8-Post-Process was aborted, got status = HAILO_SHUTDOWN_EVENT_SIGNALED(57)
[2025-03-12 19:00:14.634] [9777] [HailoRT] [info] [queue_elements.cpp:1131] [execute_deactivate] enqueue() in element MultiPushQEl0YOLOV8-Post-Process was aborted, got status = HAILO_SHUTDOWN_EVENT_SIGNALED(57)
[2025-03-12 19:00:14.634] [9777] [HailoRT] [info] [queue_elements.cpp:1131] [execute_deactivate] enqueue() in element MultiPushQEl0YOLOV8-Post-Process was aborted, got status = HAILO_SHUTDOWN_EVENT_SIGNALED(57)
[2025-03-12 19:00:14.634] [9777] [HailoRT] [info] [queue_elements.cpp:1131] [execute_deactivate] enqueue() in element MultiPushQEl0YOLOV8-Post-Process was aborted, got status = HAILO_SHUTDOWN_EVENT_SIGNALED(57)
[2025-03-12 19:00:14.634] [9777] [HailoRT] [info] [queue_elements.cpp:1131] [execute_deactivate] enqueue() in element MultiPushQEl0YOLOV8-Post-Process was aborted, got status = HAILO_SHUTDOWN_EVENT_SIGNALED(57)
[2025-03-12 19:00:14.634] [9777] [HailoRT] [info] [queue_elements.cpp:1131] [execute_deactivate] enqueue() in element MultiPushQEl0YOLOV8-Post-Process was aborted, got status = HAILO_SHUTDOWN_EVENT_SIGNALED(57)
[2025-03-12 19:00:14.634] [9777] [HailoRT] [info] [queue_elements.cpp:570] [execute_deactivate] enqueue() in element PushQEl3yolov8s/input_layer1 was aborted, got status = HAILO_SHUTDOWN_EVENT_SIGNALED(57)
[2025-03-12 19:00:14.634] [9777] [HailoRT] [info] [queue_elements.cpp:570] [execute_deactivate] enqueue() in element EntryPushQEl0yolov8s/input_layer1 was aborted, got status = HAILO_SHUTDOWN_EVENT_SIGNALED(57)
[2025-03-12 19:00:14.634] [9777] [HailoRT] [info] [queue_elements.cpp:46] [~BaseQueueElement] Queue element EntryPushQEl0yolov8s/input_layer1 has 0 frames in his Queue on destruction
[2025-03-12 19:00:14.634] [9777] [HailoRT] [info] [queue_elements.cpp:46] [~BaseQueueElement] Queue element PushQEl3yolov8s/input_layer1 has 0 frames in his Queue on destruction
[2025-03-12 19:03:35.034] [9841] [HailoRT] [info] [device.cpp:49] [Device] OS Version: Linux 6.6.74+rpt-rpi-2712 #1 SMP PREEMPT Debian 1:6.6.74-1+rpt1 (2025-01-27) aarch64
[2025-03-12 19:03:35.037] [9841] [HailoRT] [info] [control.cpp:108] [control__parse_identify_results] firmware_version is: 4.20.0
[2025-03-12 19:03:35.040] [9841] [HailoRT] [info] [control.cpp:108] [control__parse_identify_results] firmware_version is: 4.20.0
[2025-03-12 19:03:35.109] [9838] [HailoRT] [info] [vdevice.cpp:523] [create] Creating vdevice with params: device_count: 1, scheduling_algorithm: ROUND_ROBIN, multi_process_service: false
[2025-03-12 19:03:35.122] [9838] [HailoRT] [info] [device.cpp:49] [Device] OS Version: Linux 6.6.74+rpt-rpi-2712 #1 SMP PREEMPT Debian 1:6.6.74-1+rpt1 (2025-01-27) aarch64
[2025-03-12 19:03:35.124] [9838] [HailoRT] [info] [control.cpp:108] [control__parse_identify_results] firmware_version is: 4.20.0
[2025-03-12 19:03:35.124] [9838] [HailoRT] [info] [vdevice.cpp:651] [create] VDevice Infos: 0000:01:00.0
[2025-03-12 19:03:35.322] [9838] [HailoRT] [info] [hef.cpp:1929] [get_network_group_and_network_name] No name was given. Addressing all networks of default network_group: yolov8s
[2025-03-12 19:03:35.322] [9838] [HailoRT] [info] [hef.cpp:1929] [get_network_group_and_network_name] No name was given. Addressing all networks of default network_group: yolov8s
[2025-03-12 19:03:35.341] [9838] [HailoRT] [info] [internal_buffer_manager.cpp:204] [print_execution_results] Planned internal buffer memory: CMA memory 0, user memory 4551168. memory to edge layer usage factor is 1
[2025-03-12 19:03:35.341] [9838] [HailoRT] [info] [internal_buffer_manager.cpp:212] [print_execution_results] Default Internal buffer planner executed successfully
[2025-03-12 19:03:35.359] [9838] [HailoRT] [info] [device_internal.cpp:57] [configure] Configuring HEF took 25.201362 milliseconds
[2025-03-12 19:03:35.359] [9838] [HailoRT] [info] [vdevice.cpp:749] [configure] Configuring HEF on VDevice took 25.518784 milliseconds
[2025-03-12 19:03:35.359] [9838] [HailoRT] [info] [infer_model.cpp:436] [configure] Configuring network group 'yolov8s' with params: batch size: 2, power mode: PERFORMANCE, latency: NONE
[2025-03-12 19:03:35.359] [9838] [HailoRT] [info] [multi_io_elements.cpp:756] [create] Created (AsyncHwEl)
[2025-03-12 19:03:35.359] [9838] [HailoRT] [info] [queue_elements.cpp:450] [create] Created (EntryPushQEl0yolov8s/input_layer1 | timeout: 10s)
[2025-03-12 19:03:35.359] [9838] [HailoRT] [info] [filter_elements.cpp:101] [create] Created (PreInferEl3yolov8s/input_layer1 | Reorder - src_order: RGB4, src_shape: (640, 640, 3), dst_order: NHCW, dst_shape: (640, 640, 3))
[2025-03-12 19:03:35.359] [9838] [HailoRT] [info] [queue_elements.cpp:450] [create] Created (PushQEl3yolov8s/input_layer1 | timeout: 10s)
[2025-03-12 19:03:35.359] [9838] [HailoRT] [info] [multi_io_elements.cpp:135] [create] Created (NmsPPMuxEl0YOLOV8-Post-Process | Op YOLOV8, Name: YOLOV8-Post-Process, Score threshold: 0.300, IoU threshold: 0.45, Classes: 80, Cross classes: false, NMS results order: BY_CLASS, Max bboxes per class: 100, Image height: 640, Image width: 640)
[2025-03-12 19:03:35.360] [9838] [HailoRT] [info] [queue_elements.cpp:942] [create] Created (MultiPushQEl0YOLOV8-Post-Process | timeout: 10s)
[2025-03-12 19:03:35.360] [9838] [HailoRT] [info] [edge_elements.cpp:187] [create] Created (LastAsyncEl0NmsPPMuxEl0YOLOV8-Post-Process)
[2025-03-12 19:03:35.360] [9838] [HailoRT] [info] [pipeline.cpp:891] [print_deep_description] EntryPushQEl0yolov8s/input_layer1 | inputs: user | outputs: PreInferEl3yolov8s/input_layer1(running in thread_id: 9877)
[2025-03-12 19:03:35.360] [9838] [HailoRT] [info] [pipeline.cpp:891] [print_deep_description] PreInferEl3yolov8s/input_layer1 | inputs: EntryPushQEl0yolov8s/input_layer1[0] | outputs: PushQEl3yolov8s/input_layer1
[2025-03-12 19:03:35.360] [9838] [HailoRT] [info] [pipeline.cpp:891] [print_deep_description] PushQEl3yolov8s/input_layer1 | inputs: PreInferEl3yolov8s/input_layer1[0] | outputs: AsyncHwEl(running in thread_id: 9878)
[2025-03-12 19:03:35.360] [9838] [HailoRT] [info] [pipeline.cpp:891] [print_deep_description] AsyncHwEl | inputs: PushQEl3yolov8s/input_layer1[0] | outputs: MultiPushQEl0YOLOV8-Post-Process MultiPushQEl0YOLOV8-Post-Process MultiPushQEl0YOLOV8-Post-Process MultiPushQEl0YOLOV8-Post-Process MultiPushQEl0YOLOV8-Post-Process MultiPushQEl0YOLOV8-Post-Process
[2025-03-12 19:03:35.360] [9838] [HailoRT] [info] [pipeline.cpp:891] [print_deep_description] MultiPushQEl0YOLOV8-Post-Process | inputs: AsyncHwEl[0] AsyncHwEl[1] AsyncHwEl[2] AsyncHwEl[3] AsyncHwEl[4] AsyncHwEl[5] | outputs: NmsPPMuxEl0YOLOV8-Post-Process(running in thread_id: 9879)
[2025-03-12 19:03:35.360] [9838] [HailoRT] [info] [pipeline.cpp:891] [print_deep_description] NmsPPMuxEl0YOLOV8-Post-Process | inputs: MultiPushQEl0YOLOV8-Post-Process[0] | outputs: LastAsyncEl0NmsPPMuxEl0YOLOV8-Post-Process
[2025-03-12 19:03:35.360] [9838] [HailoRT] [info] [pipeline.cpp:891] [print_deep_description] LastAsyncEl0NmsPPMuxEl0YOLOV8-Post-Process | inputs: NmsPPMuxEl0YOLOV8-Post-Process[0] | outputs: user
[2025-03-12 19:03:37.973] [9867] [HailoRT] [info] [hef.cpp:1929] [get_network_group_and_network_name] No name was given. Addressing all networks of default network_group: yolov8s
[2025-03-12 19:03:40.057] [9838] [HailoRT] [info] [async_infer_runner.cpp:86] [shutdown] Pipeline was aborted. Shutting it down
[2025-03-12 19:03:40.058] [9838] [HailoRT] [info] [queue_elements.cpp:1131] [execute_deactivate] enqueue() in element MultiPushQEl0YOLOV8-Post-Process was aborted, got status = HAILO_SHUTDOWN_EVENT_SIGNALED(57)
[2025-03-12 19:03:40.058] [9838] [HailoRT] [info] [queue_elements.cpp:1131] [execute_deactivate] enqueue() in element MultiPushQEl0YOLOV8-Post-Process was aborted, got status = HAILO_SHUTDOWN_EVENT_SIGNALED(57)
[2025-03-12 19:03:40.058] [9838] [HailoRT] [info] [queue_elements.cpp:1131] [execute_deactivate] enqueue() in element MultiPushQEl0YOLOV8-Post-Process was aborted, got status = HAILO_SHUTDOWN_EVENT_SIGNALED(57)
[2025-03-12 19:03:40.058] [9838] [HailoRT] [info] [queue_elements.cpp:1131] [execute_deactivate] enqueue() in element MultiPushQEl0YOLOV8-Post-Process was aborted, got status = HAILO_SHUTDOWN_EVENT_SIGNALED(57)
[2025-03-12 19:03:40.058] [9838] [HailoRT] [info] [queue_elements.cpp:1131] [execute_deactivate] enqueue() in element MultiPushQEl0YOLOV8-Post-Process was aborted, got status = HAILO_SHUTDOWN_EVENT_SIGNALED(57)
[2025-03-12 19:03:40.058] [9838] [HailoRT] [info] [queue_elements.cpp:1131] [execute_deactivate] enqueue() in element MultiPushQEl0YOLOV8-Post-Process was aborted, got status = HAILO_SHUTDOWN_EVENT_SIGNALED(57)
[2025-03-12 19:03:40.058] [9838] [HailoRT] [info] [queue_elements.cpp:570] [execute_deactivate] enqueue() in element PushQEl3yolov8s/input_layer1 was aborted, got status = HAILO_SHUTDOWN_EVENT_SIGNALED(57)
[2025-03-12 19:03:40.058] [9838] [HailoRT] [info] [queue_elements.cpp:570] [execute_deactivate] enqueue() in element EntryPushQEl0yolov8s/input_layer1 was aborted, got status = HAILO_SHUTDOWN_EVENT_SIGNALED(57)
[2025-03-12 19:03:40.058] [9838] [HailoRT] [info] [queue_elements.cpp:46] [~BaseQueueElement] Queue element EntryPushQEl0yolov8s/input_layer1 has 0 frames in his Queue on destruction
[2025-03-12 19:03:40.058] [9838] [HailoRT] [info] [queue_elements.cpp:46] [~BaseQueueElement] Queue element PushQEl3yolov8s/input_layer1 has 0 frames in his Queue on destruction
[2025-03-12 19:09:00.574] [9902] [HailoRT] [info] [device.cpp:49] [Device] OS Version: Linux 6.6.74+rpt-rpi-2712 #1 SMP PREEMPT Debian 1:6.6.74-1+rpt1 (2025-01-27) aarch64
[2025-03-12 19:09:00.577] [9902] [HailoRT] [info] [control.cpp:108] [control__parse_identify_results] firmware_version is: 4.20.0
[2025-03-12 19:09:00.580] [9902] [HailoRT] [info] [control.cpp:108] [control__parse_identify_results] firmware_version is: 4.20.0
[2025-03-12 19:09:00.658] [9899] [HailoRT] [info] [vdevice.cpp:523] [create] Creating vdevice with params: device_count: 1, scheduling_algorithm: ROUND_ROBIN, multi_process_service: false
[2025-03-12 19:09:00.670] [9899] [HailoRT] [info] [device.cpp:49] [Device] OS Version: Linux 6.6.74+rpt-rpi-2712 #1 SMP PREEMPT Debian 1:6.6.74-1+rpt1 (2025-01-27) aarch64
[2025-03-12 19:09:00.673] [9899] [HailoRT] [info] [control.cpp:108] [control__parse_identify_results] firmware_version is: 4.20.0
[2025-03-12 19:09:00.673] [9899] [HailoRT] [info] [vdevice.cpp:651] [create] VDevice Infos: 0000:01:00.0
[2025-03-12 19:09:00.867] [9899] [HailoRT] [info] [hef.cpp:1929] [get_network_group_and_network_name] No name was given. Addressing all networks of default network_group: yolov8s
[2025-03-12 19:09:00.867] [9899] [HailoRT] [info] [hef.cpp:1929] [get_network_group_and_network_name] No name was given. Addressing all networks of default network_group: yolov8s
[2025-03-12 19:09:00.886] [9899] [HailoRT] [info] [internal_buffer_manager.cpp:204] [print_execution_results] Planned internal buffer memory: CMA memory 0, user memory 4551168. memory to edge layer usage factor is 1
[2025-03-12 19:09:00.886] [9899] [HailoRT] [info] [internal_buffer_manager.cpp:212] [print_execution_results] Default Internal buffer planner executed successfully
[2025-03-12 19:09:00.906] [9899] [HailoRT] [info] [device_internal.cpp:57] [configure] Configuring HEF took 27.966122 milliseconds
[2025-03-12 19:09:00.906] [9899] [HailoRT] [info] [vdevice.cpp:749] [configure] Configuring HEF on VDevice took 28.298747 milliseconds
[2025-03-12 19:09:00.906] [9899] [HailoRT] [info] [infer_model.cpp:436] [configure] Configuring network group 'yolov8s' with params: batch size: 2, power mode: PERFORMANCE, latency: NONE
[2025-03-12 19:09:00.906] [9899] [HailoRT] [info] [multi_io_elements.cpp:756] [create] Created (AsyncHwEl)
[2025-03-12 19:09:00.907] [9899] [HailoRT] [info] [queue_elements.cpp:450] [create] Created (EntryPushQEl0yolov8s/input_layer1 | timeout: 10s)
[2025-03-12 19:09:00.907] [9899] [HailoRT] [info] [filter_elements.cpp:101] [create] Created (PreInferEl3yolov8s/input_layer1 | Reorder - src_order: RGB4, src_shape: (640, 640, 3), dst_order: NHCW, dst_shape: (640, 640, 3))
[2025-03-12 19:09:00.907] [9899] [HailoRT] [info] [queue_elements.cpp:450] [create] Created (PushQEl3yolov8s/input_layer1 | timeout: 10s)
[2025-03-12 19:09:00.907] [9899] [HailoRT] [info] [multi_io_elements.cpp:135] [create] Created (NmsPPMuxEl0YOLOV8-Post-Process | Op YOLOV8, Name: YOLOV8-Post-Process, Score threshold: 0.300, IoU threshold: 0.45, Classes: 80, Cross classes: false, NMS results order: BY_CLASS, Max bboxes per class: 100, Image height: 640, Image width: 640)
[2025-03-12 19:09:00.908] [9899] [HailoRT] [info] [queue_elements.cpp:942] [create] Created (MultiPushQEl0YOLOV8-Post-Process | timeout: 10s)
[2025-03-12 19:09:00.908] [9899] [HailoRT] [info] [edge_elements.cpp:187] [create] Created (LastAsyncEl0NmsPPMuxEl0YOLOV8-Post-Process)
[2025-03-12 19:09:00.908] [9899] [HailoRT] [info] [pipeline.cpp:891] [print_deep_description] EntryPushQEl0yolov8s/input_layer1 | inputs: user | outputs: PreInferEl3yolov8s/input_layer1(running in thread_id: 9939)
[2025-03-12 19:09:00.908] [9899] [HailoRT] [info] [pipeline.cpp:891] [print_deep_description] PreInferEl3yolov8s/input_layer1 | inputs: EntryPushQEl0yolov8s/input_layer1[0] | outputs: PushQEl3yolov8s/input_layer1
[2025-03-12 19:09:00.908] [9899] [HailoRT] [info] [pipeline.cpp:891] [print_deep_description] PushQEl3yolov8s/input_layer1 | inputs: PreInferEl3yolov8s/input_layer1[0] | outputs: AsyncHwEl(running in thread_id: 9940)
[2025-03-12 19:09:00.908] [9899] [HailoRT] [info] [pipeline.cpp:891] [print_deep_description] AsyncHwEl | inputs: PushQEl3yolov8s/input_layer1[0] | outputs: MultiPushQEl0YOLOV8-Post-Process MultiPushQEl0YOLOV8-Post-Process MultiPushQEl0YOLOV8-Post-Process MultiPushQEl0YOLOV8-Post-Process MultiPushQEl0YOLOV8-Post-Process MultiPushQEl0YOLOV8-Post-Process
[2025-03-12 19:09:00.908] [9899] [HailoRT] [info] [pipeline.cpp:891] [print_deep_description] MultiPushQEl0YOLOV8-Post-Process | inputs: AsyncHwEl[0] AsyncHwEl[1] AsyncHwEl[2] AsyncHwEl[3] AsyncHwEl[4] AsyncHwEl[5] | outputs: NmsPPMuxEl0YOLOV8-Post-Process(running in thread_id: 9941)
[2025-03-12 19:09:00.908] [9899] [HailoRT] [info] [pipeline.cpp:891] [print_deep_description] NmsPPMuxEl0YOLOV8-Post-Process | inputs: MultiPushQEl0YOLOV8-Post-Process[0] | outputs: LastAsyncEl0NmsPPMuxEl0YOLOV8-Post-Process
[2025-03-12 19:09:00.908] [9899] [HailoRT] [info] [pipeline.cpp:891] [print_deep_description] LastAsyncEl0NmsPPMuxEl0YOLOV8-Post-Process | inputs: NmsPPMuxEl0YOLOV8-Post-Process[0] | outputs: user
[2025-03-12 19:09:03.506] [9929] [HailoRT] [info] [hef.cpp:1929] [get_network_group_and_network_name] No name was given. Addressing all networks of default network_group: yolov8s
[2025-03-12 19:09:05.656] [9899] [HailoRT] [info] [async_infer_runner.cpp:86] [shutdown] Pipeline was aborted. Shutting it down
[2025-03-12 19:09:05.657] [9899] [HailoRT] [info] [queue_elements.cpp:1131] [execute_deactivate] enqueue() in element MultiPushQEl0YOLOV8-Post-Process was aborted, got status = HAILO_SHUTDOWN_EVENT_SIGNALED(57)
[2025-03-12 19:09:05.657] [9899] [HailoRT] [info] [queue_elements.cpp:1131] [execute_deactivate] enqueue() in element MultiPushQEl0YOLOV8-Post-Process was aborted, got status = HAILO_SHUTDOWN_EVENT_SIGNALED(57)
[2025-03-12 19:09:05.657] [9899] [HailoRT] [info] [queue_elements.cpp:1131] [execute_deactivate] enqueue() in element MultiPushQEl0YOLOV8-Post-Process was aborted, got status = HAILO_SHUTDOWN_EVENT_SIGNALED(57)
[2025-03-12 19:09:05.657] [9899] [HailoRT] [info] [queue_elements.cpp:1131] [execute_deactivate] enqueue() in element MultiPushQEl0YOLOV8-Post-Process was aborted, got status = HAILO_SHUTDOWN_EVENT_SIGNALED(57)
[2025-03-12 19:09:05.657] [9899] [HailoRT] [info] [queue_elements.cpp:1131] [execute_deactivate] enqueue() in element MultiPushQEl0YOLOV8-Post-Process was aborted, got status = HAILO_SHUTDOWN_EVENT_SIGNALED(57)
[2025-03-12 19:09:05.657] [9899] [HailoRT] [info] [queue_elements.cpp:1131] [execute_deactivate] enqueue() in element MultiPushQEl0YOLOV8-Post-Process was aborted, got status = HAILO_SHUTDOWN_EVENT_SIGNALED(57)
[2025-03-12 19:09:05.657] [9899] [HailoRT] [info] [queue_elements.cpp:570] [execute_deactivate] enqueue() in element PushQEl3yolov8s/input_layer1 was aborted, got status = HAILO_SHUTDOWN_EVENT_SIGNALED(57)
[2025-03-12 19:09:05.657] [9899] [HailoRT] [info] [queue_elements.cpp:570] [execute_deactivate] enqueue() in element EntryPushQEl0yolov8s/input_layer1 was aborted, got status = HAILO_SHUTDOWN_EVENT_SIGNALED(57)
[2025-03-12 19:09:05.657] [9899] [HailoRT] [info] [queue_elements.cpp:46] [~BaseQueueElement] Queue element EntryPushQEl0yolov8s/input_layer1 has 0 frames in his Queue on destruction
[2025-03-12 19:09:05.657] [9899] [HailoRT] [info] [queue_elements.cpp:46] [~BaseQueueElement] Queue element PushQEl3yolov8s/input_layer1 has 0 frames in his Queue on destruction
[2025-03-12 19:11:11.601] [9963] [HailoRT] [info] [device.cpp:49] [Device] OS Version: Linux 6.6.74+rpt-rpi-2712 #1 SMP PREEMPT Debian 1:6.6.74-1+rpt1 (2025-01-27) aarch64
[2025-03-12 19:11:11.604] [9963] [HailoRT] [info] [control.cpp:108] [control__parse_identify_results] firmware_version is: 4.20.0
[2025-03-12 19:11:11.606] [9963] [HailoRT] [info] [control.cpp:108] [control__parse_identify_results] firmware_version is: 4.20.0
[2025-03-12 19:11:11.668] [9960] [HailoRT] [info] [vdevice.cpp:523] [create] Creating vdevice with params: device_count: 1, scheduling_algorithm: ROUND_ROBIN, multi_process_service: false
[2025-03-12 19:11:11.679] [9960] [HailoRT] [info] [device.cpp:49] [Device] OS Version: Linux 6.6.74+rpt-rpi-2712 #1 SMP PREEMPT Debian 1:6.6.74-1+rpt1 (2025-01-27) aarch64
[2025-03-12 19:11:11.682] [9960] [HailoRT] [info] [control.cpp:108] [control__parse_identify_results] firmware_version is: 4.20.0
[2025-03-12 19:11:11.682] [9960] [HailoRT] [info] [vdevice.cpp:651] [create] VDevice Infos: 0000:01:00.0
[2025-03-12 19:11:11.882] [9960] [HailoRT] [info] [hef.cpp:1929] [get_network_group_and_network_name] No name was given. Addressing all networks of default network_group: yolov8s
[2025-03-12 19:11:11.882] [9960] [HailoRT] [info] [hef.cpp:1929] [get_network_group_and_network_name] No name was given. Addressing all networks of default network_group: yolov8s
[2025-03-12 19:11:11.902] [9960] [HailoRT] [info] [internal_buffer_manager.cpp:204] [print_execution_results] Planned internal buffer memory: CMA memory 0, user memory 4551168. memory to edge layer usage factor is 1
[2025-03-12 19:11:11.902] [9960] [HailoRT] [info] [internal_buffer_manager.cpp:212] [print_execution_results] Default Internal buffer planner executed successfully
[2025-03-12 19:11:11.924] [9960] [HailoRT] [info] [device_internal.cpp:57] [configure] Configuring HEF took 29.579192 milliseconds
[2025-03-12 19:11:11.924] [9960] [HailoRT] [info] [vdevice.cpp:749] [configure] Configuring HEF on VDevice took 29.910928 milliseconds
[2025-03-12 19:11:11.924] [9960] [HailoRT] [info] [infer_model.cpp:436] [configure] Configuring network group 'yolov8s' with params: batch size: 2, power mode: PERFORMANCE, latency: NONE
[2025-03-12 19:11:11.924] [9960] [HailoRT] [info] [multi_io_elements.cpp:756] [create] Created (AsyncHwEl)
[2025-03-12 19:11:11.924] [9960] [HailoRT] [info] [queue_elements.cpp:450] [create] Created (EntryPushQEl0yolov8s/input_layer1 | timeout: 10s)
[2025-03-12 19:11:11.924] [9960] [HailoRT] [info] [filter_elements.cpp:101] [create] Created (PreInferEl3yolov8s/input_layer1 | Reorder - src_order: RGB4, src_shape: (640, 640, 3), dst_order: NHCW, dst_shape: (640, 640, 3))
[2025-03-12 19:11:11.925] [9960] [HailoRT] [info] [queue_elements.cpp:450] [create] Created (PushQEl3yolov8s/input_layer1 | timeout: 10s)
[2025-03-12 19:11:11.925] [9960] [HailoRT] [info] [multi_io_elements.cpp:135] [create] Created (NmsPPMuxEl0YOLOV8-Post-Process | Op YOLOV8, Name: YOLOV8-Post-Process, Score threshold: 0.300, IoU threshold: 0.45, Classes: 80, Cross classes: false, NMS results order: BY_CLASS, Max bboxes per class: 100, Image height: 640, Image width: 640)
[2025-03-12 19:11:11.925] [9960] [HailoRT] [info] [queue_elements.cpp:942] [create] Created (MultiPushQEl0YOLOV8-Post-Process | timeout: 10s)
[2025-03-12 19:11:11.925] [9960] [HailoRT] [info] [edge_elements.cpp:187] [create] Created (LastAsyncEl0NmsPPMuxEl0YOLOV8-Post-Process)
[2025-03-12 19:11:11.925] [9960] [HailoRT] [info] [pipeline.cpp:891] [print_deep_description] EntryPushQEl0yolov8s/input_layer1 | inputs: user | outputs: PreInferEl3yolov8s/input_layer1(running in thread_id: 9999)
[2025-03-12 19:11:11.925] [9960] [HailoRT] [info] [pipeline.cpp:891] [print_deep_description] PreInferEl3yolov8s/input_layer1 | inputs: EntryPushQEl0yolov8s/input_layer1[0] | outputs: PushQEl3yolov8s/input_layer1
[2025-03-12 19:11:11.925] [9960] [HailoRT] [info] [pipeline.cpp:891] [print_deep_description] PushQEl3yolov8s/input_layer1 | inputs: PreInferEl3yolov8s/input_layer1[0] | outputs: AsyncHwEl(running in thread_id: 10000)
[2025-03-12 19:11:11.925] [9960] [HailoRT] [info] [pipeline.cpp:891] [print_deep_description] AsyncHwEl | inputs: PushQEl3yolov8s/input_layer1[0] | outputs: MultiPushQEl0YOLOV8-Post-Process MultiPushQEl0YOLOV8-Post-Process MultiPushQEl0YOLOV8-Post-Process MultiPushQEl0YOLOV8-Post-Process MultiPushQEl0YOLOV8-Post-Process MultiPushQEl0YOLOV8-Post-Process
[2025-03-12 19:11:11.925] [9960] [HailoRT] [info] [pipeline.cpp:891] [print_deep_description] MultiPushQEl0YOLOV8-Post-Process | inputs: AsyncHwEl[0] AsyncHwEl[1] AsyncHwEl[2] AsyncHwEl[3] AsyncHwEl[4] AsyncHwEl[5] | outputs: NmsPPMuxEl0YOLOV8-Post-Process(running in thread_id: 10001)
[2025-03-12 19:11:11.925] [9960] [HailoRT] [info] [pipeline.cpp:891] [print_deep_description] NmsPPMuxEl0YOLOV8-Post-Process | inputs: MultiPushQEl0YOLOV8-Post-Process[0] | outputs: LastAsyncEl0NmsPPMuxEl0YOLOV8-Post-Process
[2025-03-12 19:11:11.925] [9960] [HailoRT] [info] [pipeline.cpp:891] [print_deep_description] LastAsyncEl0NmsPPMuxEl0YOLOV8-Post-Process | inputs: NmsPPMuxEl0YOLOV8-Post-Process[0] | outputs: user
[2025-03-12 19:11:14.338] [9989] [HailoRT] [info] [hef.cpp:1929] [get_network_group_and_network_name] No name was given. Addressing all networks of default network_group: yolov8s
[2025-03-12 19:11:17.056] [9960] [HailoRT] [info] [async_infer_runner.cpp:86] [shutdown] Pipeline was aborted. Shutting it down
[2025-03-12 19:11:17.062] [9977] [HailoRT] [info] [network_group.cpp:857] [operator()] Infer request was aborted by user
[2025-03-12 19:11:17.062] [9960] [HailoRT] [info] [queue_elements.cpp:1131] [execute_deactivate] enqueue() in element MultiPushQEl0YOLOV8-Post-Process was aborted, got status = HAILO_SHUTDOWN_EVENT_SIGNALED(57)
[2025-03-12 19:11:17.062] [9960] [HailoRT] [info] [queue_elements.cpp:1131] [execute_deactivate] enqueue() in element MultiPushQEl0YOLOV8-Post-Process was aborted, got status = HAILO_SHUTDOWN_EVENT_SIGNALED(57)
[2025-03-12 19:11:17.062] [9960] [HailoRT] [info] [queue_elements.cpp:1131] [execute_deactivate] enqueue() in element MultiPushQEl0YOLOV8-Post-Process was aborted, got status = HAILO_SHUTDOWN_EVENT_SIGNALED(57)
[2025-03-12 19:11:17.062] [9960] [HailoRT] [info] [queue_elements.cpp:1131] [execute_deactivate] enqueue() in element MultiPushQEl0YOLOV8-Post-Process was aborted, got status = HAILO_SHUTDOWN_EVENT_SIGNALED(57)
[2025-03-12 19:11:17.062] [9960] [HailoRT] [info] [queue_elements.cpp:1131] [execute_deactivate] enqueue() in element MultiPushQEl0YOLOV8-Post-Process was aborted, got status = HAILO_SHUTDOWN_EVENT_SIGNALED(57)
[2025-03-12 19:11:17.062] [9960] [HailoRT] [info] [queue_elements.cpp:1131] [execute_deactivate] enqueue() in element MultiPushQEl0YOLOV8-Post-Process was aborted, got status = HAILO_SHUTDOWN_EVENT_SIGNALED(57)
[2025-03-12 19:11:17.062] [9960] [HailoRT] [info] [queue_elements.cpp:570] [execute_deactivate] enqueue() in element PushQEl3yolov8s/input_layer1 was aborted, got status = HAILO_SHUTDOWN_EVENT_SIGNALED(57)
[2025-03-12 19:11:17.062] [9960] [HailoRT] [info] [queue_elements.cpp:570] [execute_deactivate] enqueue() in element EntryPushQEl0yolov8s/input_layer1 was aborted, got status = HAILO_SHUTDOWN_EVENT_SIGNALED(57)
[2025-03-12 19:11:17.062] [9960] [HailoRT] [info] [queue_elements.cpp:46] [~BaseQueueElement] Queue element EntryPushQEl0yolov8s/input_layer1 has 0 frames in his Queue on destruction
[2025-03-12 19:11:17.062] [9960] [HailoRT] [info] [queue_elements.cpp:46] [~BaseQueueElement] Queue element PushQEl3yolov8s/input_layer1 has 0 frames in his Queue on destruction
[2025-03-12 19:14:29.679] [10027] [HailoRT] [info] [device.cpp:49] [Device] OS Version: Linux 6.6.74+rpt-rpi-2712 #1 SMP PREEMPT Debian 1:6.6.74-1+rpt1 (2025-01-27) aarch64
[2025-03-12 19:14:29.682] [10027] [HailoRT] [info] [control.cpp:108] [control__parse_identify_results] firmware_version is: 4.20.0
[2025-03-12 19:14:29.685] [10027] [HailoRT] [info] [control.cpp:108] [control__parse_identify_results] firmware_version is: 4.20.0
[2025-03-12 19:14:29.746] [10024] [HailoRT] [info] [vdevice.cpp:523] [create] Creating vdevice with params: device_count: 1, scheduling_algorithm: ROUND_ROBIN, multi_process_service: false
[2025-03-12 19:14:29.759] [10024] [HailoRT] [info] [device.cpp:49] [Device] OS Version: Linux 6.6.74+rpt-rpi-2712 #1 SMP PREEMPT Debian 1:6.6.74-1+rpt1 (2025-01-27) aarch64
[2025-03-12 19:14:29.762] [10024] [HailoRT] [info] [control.cpp:108] [control__parse_identify_results] firmware_version is: 4.20.0
[2025-03-12 19:14:29.762] [10024] [HailoRT] [info] [vdevice.cpp:651] [create] VDevice Infos: 0000:01:00.0
[2025-03-12 19:14:29.969] [10024] [HailoRT] [info] [hef.cpp:1929] [get_network_group_and_network_name] No name was given. Addressing all networks of default network_group: yolov8s
[2025-03-12 19:14:29.969] [10024] [HailoRT] [info] [hef.cpp:1929] [get_network_group_and_network_name] No name was given. Addressing all networks of default network_group: yolov8s
[2025-03-12 19:14:29.991] [10024] [HailoRT] [info] [internal_buffer_manager.cpp:204] [print_execution_results] Planned internal buffer memory: CMA memory 0, user memory 4551168. memory to edge layer usage factor is 1
[2025-03-12 19:14:29.991] [10024] [HailoRT] [info] [internal_buffer_manager.cpp:212] [print_execution_results] Default Internal buffer planner executed successfully
[2025-03-12 19:14:30.011] [10024] [HailoRT] [info] [device_internal.cpp:57] [configure] Configuring HEF took 27.92293 milliseconds
[2025-03-12 19:14:30.011] [10024] [HailoRT] [info] [vdevice.cpp:749] [configure] Configuring HEF on VDevice took 28.296149 milliseconds
[2025-03-12 19:14:30.012] [10024] [HailoRT] [info] [infer_model.cpp:436] [configure] Configuring network group 'yolov8s' with params: batch size: 2, power mode: PERFORMANCE, latency: NONE
[2025-03-12 19:14:30.012] [10024] [HailoRT] [info] [multi_io_elements.cpp:756] [create] Created (AsyncHwEl)
[2025-03-12 19:14:30.012] [10024] [HailoRT] [info] [queue_elements.cpp:450] [create] Created (EntryPushQEl0yolov8s/input_layer1 | timeout: 10s)
[2025-03-12 19:14:30.012] [10024] [HailoRT] [info] [filter_elements.cpp:101] [create] Created (PreInferEl3yolov8s/input_layer1 | Reorder - src_order: RGB4, src_shape: (640, 640, 3), dst_order: NHCW, dst_shape: (640, 640, 3))
[2025-03-12 19:14:30.012] [10024] [HailoRT] [info] [queue_elements.cpp:450] [create] Created (PushQEl3yolov8s/input_layer1 | timeout: 10s)
[2025-03-12 19:14:30.012] [10024] [HailoRT] [info] [multi_io_elements.cpp:135] [create] Created (NmsPPMuxEl0YOLOV8-Post-Process | Op YOLOV8, Name: YOLOV8-Post-Process, Score threshold: 0.300, IoU threshold: 0.45, Classes: 80, Cross classes: false, NMS results order: BY_CLASS, Max bboxes per class: 100, Image height: 640, Image width: 640)
[2025-03-12 19:14:30.013] [10024] [HailoRT] [info] [queue_elements.cpp:942] [create] Created (MultiPushQEl0YOLOV8-Post-Process | timeout: 10s)
[2025-03-12 19:14:30.013] [10024] [HailoRT] [info] [edge_elements.cpp:187] [create] Created (LastAsyncEl0NmsPPMuxEl0YOLOV8-Post-Process)
[2025-03-12 19:14:30.013] [10024] [HailoRT] [info] [pipeline.cpp:891] [print_deep_description] EntryPushQEl0yolov8s/input_layer1 | inputs: user | outputs: PreInferEl3yolov8s/input_layer1(running in thread_id: 10063)
[2025-03-12 19:14:30.013] [10024] [HailoRT] [info] [pipeline.cpp:891] [print_deep_description] PreInferEl3yolov8s/input_layer1 | inputs: EntryPushQEl0yolov8s/input_layer1[0] | outputs: PushQEl3yolov8s/input_layer1
[2025-03-12 19:14:30.013] [10024] [HailoRT] [info] [pipeline.cpp:891] [print_deep_description] PushQEl3yolov8s/input_layer1 | inputs: PreInferEl3yolov8s/input_layer1[0] | outputs: AsyncHwEl(running in thread_id: 10064)
[2025-03-12 19:14:30.013] [10024] [HailoRT] [info] [pipeline.cpp:891] [print_deep_description] AsyncHwEl | inputs: PushQEl3yolov8s/input_layer1[0] | outputs: MultiPushQEl0YOLOV8-Post-Process MultiPushQEl0YOLOV8-Post-Process MultiPushQEl0YOLOV8-Post-Process MultiPushQEl0YOLOV8-Post-Process MultiPushQEl0YOLOV8-Post-Process MultiPushQEl0YOLOV8-Post-Process
[2025-03-12 19:14:30.013] [10024] [HailoRT] [info] [pipeline.cpp:891] [print_deep_description] MultiPushQEl0YOLOV8-Post-Process | inputs: AsyncHwEl[0] AsyncHwEl[1] AsyncHwEl[2] AsyncHwEl[3] AsyncHwEl[4] AsyncHwEl[5] | outputs: NmsPPMuxEl0YOLOV8-Post-Process(running in thread_id: 10065)
[2025-03-12 19:14:30.013] [10024] [HailoRT] [info] [pipeline.cpp:891] [print_deep_description] NmsPPMuxEl0YOLOV8-Post-Process | inputs: MultiPushQEl0YOLOV8-Post-Process[0] | outputs: LastAsyncEl0NmsPPMuxEl0YOLOV8-Post-Process
[2025-03-12 19:14:30.013] [10024] [HailoRT] [info] [pipeline.cpp:891] [print_deep_description] LastAsyncEl0NmsPPMuxEl0YOLOV8-Post-Process | inputs: NmsPPMuxEl0YOLOV8-Post-Process[0] | outputs: user
[2025-03-12 19:14:32.586] [10053] [HailoRT] [info] [hef.cpp:1929] [get_network_group_and_network_name] No name was given. Addressing all networks of default network_group: yolov8s
[2025-03-12 19:14:33.479] [10024] [HailoRT] [info] [async_infer_runner.cpp:86] [shutdown] Pipeline was aborted. Shutting it down
[2025-03-12 19:14:33.480] [10024] [HailoRT] [info] [queue_elements.cpp:1131] [execute_deactivate] enqueue() in element MultiPushQEl0YOLOV8-Post-Process was aborted, got status = HAILO_SHUTDOWN_EVENT_SIGNALED(57)
[2025-03-12 19:14:33.480] [10024] [HailoRT] [info] [queue_elements.cpp:1131] [execute_deactivate] enqueue() in element MultiPushQEl0YOLOV8-Post-Process was aborted, got status = HAILO_SHUTDOWN_EVENT_SIGNALED(57)
[2025-03-12 19:14:33.480] [10024] [HailoRT] [info] [queue_elements.cpp:1131] [execute_deactivate] enqueue() in element MultiPushQEl0YOLOV8-Post-Process was aborted, got status = HAILO_SHUTDOWN_EVENT_SIGNALED(57)
[2025-03-12 19:14:33.480] [10024] [HailoRT] [info] [queue_elements.cpp:1131] [execute_deactivate] enqueue() in element MultiPushQEl0YOLOV8-Post-Process was aborted, got status = HAILO_SHUTDOWN_EVENT_SIGNALED(57)
[2025-03-12 19:14:33.480] [10024] [HailoRT] [info] [queue_elements.cpp:1131] [execute_deactivate] enqueue() in element MultiPushQEl0YOLOV8-Post-Process was aborted, got status = HAILO_SHUTDOWN_EVENT_SIGNALED(57)
[2025-03-12 19:14:33.480] [10024] [HailoRT] [info] [queue_elements.cpp:1131] [execute_deactivate] enqueue() in element MultiPushQEl0YOLOV8-Post-Process was aborted, got status = HAILO_SHUTDOWN_EVENT_SIGNALED(57)
[2025-03-12 19:14:33.480] [10024] [HailoRT] [info] [queue_elements.cpp:570] [execute_deactivate] enqueue() in element PushQEl3yolov8s/input_layer1 was aborted, got status = HAILO_SHUTDOWN_EVENT_SIGNALED(57)
[2025-03-12 19:14:33.480] [10024] [HailoRT] [info] [queue_elements.cpp:570] [execute_deactivate] enqueue() in element EntryPushQEl0yolov8s/input_layer1 was aborted, got status = HAILO_SHUTDOWN_EVENT_SIGNALED(57)
[2025-03-12 19:14:33.480] [10024] [HailoRT] [info] [queue_elements.cpp:46] [~BaseQueueElement] Queue element EntryPushQEl0yolov8s/input_layer1 has 0 frames in his Queue on destruction
[2025-03-12 19:14:33.480] [10024] [HailoRT] [info] [queue_elements.cpp:46] [~BaseQueueElement] Queue element PushQEl3yolov8s/input_layer1 has 0 frames in his Queue on destruction
